page_id,filename,ref
1,source-001.png,"# 서문

## 나아가는 길에 대하여

스스로 체계화를 시도하지 않은 경제학자의 이론적 작업 전체를 일관되게 서술하는 일은 때로 유익한 과제가 될 수 있다. 그러나 그 가치를 증명하는 것은, 저자가 논의를 멈춘 바로 그 지점을 넘어서는 데 있다. 이 기준에서 보자면, 오드리스콜 교수가 맡은 과제는 충분히 그 가치를 발휘했다 할 수 있으며, 실제로 매우 훌륭하게 수행해냈다.

복잡한 현상을 연구하는 학자가 자신의 여러 견해들이 어떻게 서로 연결되어 있는지, 그리고 개별 사례들을 다루는 데 있어 자신을 이끌었던 핵심 개념들을 명확하게 언술하지 못한 채 오랫동안 스스로 인식하지 못하는 경우가 있다는 것은 흥미로운 사실이다. 나는 오드리스콜 교수의 설명에서, 내가 수년의 간격을 두고 꽤나 서로 다른 문제들에 대해 제시했던 주장들이 나란히 놓여 있을 때, 같은 일반적 접근법을 함의하고 있었다는 사실을 발견하고 나 자신도 때로는 놀랐음을 고백하지 않을 수 없다. 경제이론의 접근 방식이라는 측면에서, 산업적 변동이나 사회주의 경제의 운영과 같이 서로 매우 상이한 문제들을 다루는 데 내가 유용하다고 생각했던 접근법의 상당 부분을 원리적으로 재구성할 수 있다는 것은 흥미로운 발견이었다. 내가 한 일이 종종 다른 이들에게는 내가 선택한 길을 따라 더 나아가기 위한 장벽을 지적하는 것으로 보였던 반면, 그것이 더 나아간 발전을 향한 길을 열어주는 새로운 시각을 제시하는 것으로 보였다는 점이 더욱 나를 놀라게 했다. 오드리스콜 교수는 내가 1930년대와 1940년대에 해오던 작업을 더 중요하다고 느꼈던 다른 문제들에 이끌려 내버려두지 않고, 계속 이어나가야 했다고 나를 거의 설득하다시피 했다. 지금에 와서 나는 그것을 정말로 후회할 수 없다. 왜냐하면 내가 보기에, 나만이 아니라

ix"
2,source-002.png,"그뿐만 아니라 다른 몇몇 사람들도 내 추진력이 약해진 지점을 넘어서 전진하고 있기 때문이다. 실제로 그들의 노력은, 그렇지 않았다면 내가 했을 것보다 훨씬 더, 저 문제들에 대해 다시금 생각하게 만들고 있다.

*F. A. 하이에크*
오버구르글, 오스트리아
1975년 9월"
3,source-003.png,"# 머리말

이 책을 집필하면서, 나는 하이에크 교수와 일반적으로 상의하지 않기로 결정했다. 만약 재해석이 진정성 있고 가치 있으려면, 그의 사상이 제시되고 이용 가능했던 그대로를 내가 함께 엮어내는 작업이 반드시 수반되어야 했다. 나는 하이에크의 공헌을 평가하고자 했다—하이에크 자신이 *회상하여* 기여했거나, 기여하고자 *의도했던* 것이 아니라. 그렇기에 하이에크 교수가 최종본 직전의 초안에 대한 인상을 서문 형식으로 주었을 때, 나의 해석이 만족스럽다고 여겼다는 사실이 나는 특히 기뻤다.

나에게 도움을 주신 분들께 감사를 드려야 할 분들이 많다. 만약 그러한 판단이 가능하다면, 나의 가장 큰 지적 빚은 악셀 레이욘후부드에게 있다. 이 빚은 통상 논문위원회 위원장에게 지는 것보다 훨씬 크다. UCLA에 있는 동안, 그는 언제나 다양한 문제들에 대해 조언을 아끼지 않았고, 무한한 시간과 아이디어를 가진 것처럼 보였으며, 사소한 것들은 걷어내고 문제의 핵심으로 곧장 나아가는 방법을 알고 있었다. 이 책에서 가치 있는 것들의 상당 부분은, 강의실 안팎에서 그에게 배운 것과, 박사 논문 초고들에 대한 그의 날카로운 비판 덕분이다. 남아있는 오류들에 대해서는 그의 책임이 없다. 우리가 견해를 달리하는 영역을 나는 충분히 잘 알고 있기 때문이다.

로버트 클라우어 교수도 도움이 필요할 때마다 기꺼이 시간을 내주었다. 클라우어 교수는 이 프로젝트와 공식적으로 연계된 적이 없기에, 모든 잘못으로부터 보호받는 것이 마땅하다. 그러나 결정적인 순간들에 아낌없이 제공된 그의 도움에 대한 나의 감사는, 말로 충분히 표현될 수 없다. 또한 논문위원회의 다른 위원들인 샘 펠츠먼 교수와 토머스 소웰 교수께도, 그들이 길을 따라 베풀어준 도움에 감사를 전하고 싶다.

xi"
4,source-004.png,"xii　　　　　　　　　　　　　　　　　　　　　　　　　　　　　　머리말

UCLA에서의 경험은 내게 지적으로 큰 자극이 되었다. 그곳에 운집한 인재들의 집합은 가히 경외로울 만큼 인상적이었다. 경제학이 다시금 활기차고 흥미로운 연구 분야가 된다는 느낌은 전염성이 강했고, 대학원생들도 크게 그 혜택을 누렸다. 이름을 일일이 거명하기 어려울 만큼 많은 교수와 직원들이 토론과 그 밖의 방식을 통해 도움과 자극을 제공했다.

아이오와 주립대학교의 경제학과는 박사 논문을 바탕으로 이 책의 준비 작업을 계속하기에 매우 우호적인 환경임이 입증되었다. 더들리 러킷은 그가 인식하지 못하는 방식으로 이 책을 도왔는데, 토론하고자 기꺼이 응해준 것만으로도, 그가 미리 알았더라면 기꺼이 다루지 않았을 주제들까지 포함하여 도움이 되었다. 나는 학과의 *코뇨센티(정통한 이들)* 중에서 찰스 마이어의 비공식 오찬 세미나에 참석함으로써 많은 혜택을 누렸다. 카디널 룸에서 이루어진 수많은 토론을 통해 그와 나 사이에 나눈 대화에서 나는 헤아릴 수 없이 많은 것을 얻었다.

이스라엘 키르즈너 교수는 이 프로젝트가 가장 필요한 시점에 격려와 도움을 주었다. 루트비히 M. 라흐만 교수도 친절하게도 내 논문을 읽고 논평해주었다. 두 분이 베풀어준 도움에 깊이 감사드린다.

리버티 펀드는 1975년 여름 동안 나에게 장학금을 제공했으며, 이에 진심으로 감사드린다. 이 장학금 덕분에 나는 논문 원고 작업에 전념할 수 있었을 뿐만 아니라, 같은 분야에 관심을 가진 다른 학자들과 함께할 기회를 얻었다. 장학금의 일환으로, 나는 캘리포니아 주 멘로 파크에 위치한 인간 연구소에서 그 여름을 보냈다. 로저 개리슨, 리처드 에블링, 게리와 유지니 쇼트를 포함한 다른 참가자들의 유익한 논평을 통해 많은 도움을 받았다. 수드라 R. 쉔크 여사에게는 논문 전체를 읽고 편집해준 것에 대해 특별히 감사드린다. 조지 피어슨과 케네스 S. 템플턴 주니어는, 인간 연구소를 대신하여 이 프로그램을 주선해주었다. 리버티 펀드의 닐 맥레오드가 재정 지원을 마련했다. 그리고 연구소의 직원들, 특히 엘런 버턴과 마르타 하이트캄프가 모든 일이 순조롭게 진행되도록 돌보아주었다. 모든 분들께 감사드린다.

리버티 펀드의 여름 프로그램 덕분에 처음으로 하이에크 교수를 만날 수 있었는데, 그는 당시"
5,source-005.png,"머리말　　　　　　　　　　　　　　　　　　　　　　　　　　　　　　xiii

그 프로그램의 시니어 펠로우로서 세 권짜리 대작 『법률, 입법, 그리고 자유』를 집필하는 한창이었다. 그 당시 그를 만난 것은 특히 자극이 되었다. 그때는 그가 바로 이 저작을 쓰는 한창이었기 때문이다.

머리 N. 로스바드 교수는 오스트리아 학파의 공헌들에 대해 내가 관심을 갖도록 하는 데 크게 기여했다. 그는 내가 이 저작을 집필하도록 마음을 먹게 했다고 스스로 말할 것이다. 그는 오스트리아 학파의 전통에 직접적으로 공헌했으며, 그의 저작들은 종종 더 깊은 참고를 위한 귀중한 자료가 되었다. 그는 또한 내 논문을 읽고 논평해주었으며, 이에 특히 감사드린다.

논문 원고 제출 마감이 다가오면서, 아이오와 주립대학교의 3층 타이핑 직원들이 역할 이상의 영웅적인 업무를 수행했다. 베티 잉엄 여사는 그야말로 대단한 타이핑 여단을 조직했다. 드니스 콜린스, 다이애나 그림, 존 코이스트라 여사가 밤낮을 가리지 않고 주말에도 맹렬하고 효율적으로 타이핑해주었다. 그들이 해준 일에 대해 내가 감사를 표할 방법은 없다. 그리고 이처럼 훌륭한 지원을 제공해준 학과에도 가장 감사드린다.

아내 릴라는 모든 단계에서 끊임없는 지지의 원천이 되어주었으며, 그것은 단순한 수사적 표현 이상이었다. 그녀는 다양한 단계에서 편집과 개고(改稿)에 적극적으로 참여했다. 그녀는 언제나 자신의 일이 있음에도 불구하고 그렇게 해주었다. 나는 진심으로 감사하며 이 책을 그녀에게 바친다.

*제럴드 P. 오드리스콜 주니어*
캘리포니아 주 산타바바라
1976년 2월"
6,source-006.png,
7,source-007.png,"# 서론

Axel Leijonhufvud는 하이에크의 공헌을 재검토하는 작업이 가치 있을 것이라고 내게 처음으로 제안했다. 처음부터 나는 하이에크의 이론들이 여러 중요한 면에서 오해받고 있음을 직감했다. 그 한 가지 주된 이유는 케인즈 혁명의 거대한 물결이었다. 케인즈의 메시지가 열렬히 수용된 데에는, 그것이 대공황이라는 경제적 병폐에 대한 치료책을 갈망하는 절박한 열망에 부응했다는 사실이 기여했다.

1930년대의 정통 경제학은 정책 입안자들을 이끌기에 역부족이었다. 비록 당시의 교과서들도 실업 문제를 다루기는 했으나, 그것은 정책 입안자들의 관심을 크게 끌지 못했다(J. Ronnie Davis, *The New Economics and the Old Economists* [Ames, Ia.: Iowa State University Press, 1971] 참조). 그러나 오늘날처럼 위기 상황에서는 경제학자들이 경제 원칙을 재정립하기보다 아예 포기해버리는 경향이 더 강하다.

케인스-케인지언 논쟁에 휘말리지 않고(Axel Leijonhufvud, *On Keynesian Economics and the Economics of Keynes* [New York: Oxford University Press, 1968] 참조), 나는 대부분의 경제학자들—특히 대부분의 미국 경제학자들—이 케인즈의 메시지를 어떻게 수용했는지를 짚어보는 것이 중요하다고 생각한다. 케인즈 경제학의 채택과 함께, 제1차 세계대전 이후의 전 기간 동안 경제학계를 지배했던 화폐 이론과 자본 이론의 어려운 문제들이 단순화될 것이라는 기대가 생겨났다. 집계 소비가 현재(국민) 소득의 함수이고, 저축과 투자가 함께 국민소득 수준을 결정한다고 가정함으로써, 세계는 갑자기 매우 단순한 용어로 이해 가능한 것이 되었다. ""강제 저축,"" 이자율의 자연율과 시장율의 차이, 투자 기간 같은 문제들은 무의미한 것이 되어버렸다.

xv"
8,source-008.png,"xvi　　　　　　　　　　　　　　　　　　　　　　　　　　　　　　　　　　　　　　　　　　　서론

케인즈 혁명이 경제 연구에도 심대하고 불행한 영향을 미쳤다는 사실은 아무리 강조해도 지나치지 않는다. 경제학계는 주요 이론가들이 중요한 공헌을 해왔던 수많은 문제들 전반에 대한 관심을 한꺼번에 잃어버렸다(Fritz Machlup, ""Friedrich von Hayek's Contribution to Economics,"" *Swedish Journal of Economics* 76 [1974]: 508–509 참조). 결과적으로, 케인즈의 『일반이론』 출판과 제2차 세계대전 종전 사이의 9년간, 여러 경제학자들의 운명은 현저하게 달라졌다. 이러한 변화는 19세기 말 이른바 한계혁명의 수용 때보다도 훨씬 빠르게 일어났다(Mark Blaug, ""Kuhn versus Lakatos, or Paradigms Versus Research Programmes in the History of Economics,"" *History of Political Economy* 7 [Winter 1975]: 399–433 참조).

케인즈 혁명 속에서 하이에크는 단순히 오해를 받은 것이 아니었다—그는 신화 만들기의 희생양이 되었다. 케인즈 경제학이 수용되면서, 경제사(史)도 새롭게 다시 쓰였다. 경제학은 케인즈 이전과 케인즈 이후(그리고 이제는 포스트 케인즈)로 나뉘었다. 케인즈 자신의 배타적 사용법을 받아들여, 경제학자들은 케인즈의 선구자들을—소수의 예외를 제외하고—""고전파""로 인식하였다. 이러한 인식에 부합하여, 오스카 랑에는 케인즈 이전 경제학자들이 시장의 세이 법칙을 신봉했다고 묘사했다(Oskar Lange, ""Say's Law: A Restatement and Criticism,"" in Oskar Lange et al. eds., *Studies in Mathematical Economics and Econometrics* [Chicago: University of Chicago Press, 1942]). 케인즈 경제학에 대한 신봉은 고전 체계의 특징이자 모든 위대한 고전파적 오류의 원천이라고 주장되는 세이 법칙을 새롭게 해석하는 방식으로 나타났다. 세이 법칙은 진정한 고전파 경제학자라면 오직 바보만이 받아들일 명제로 재해석되었을 뿐 아니라, 케인즈의 선구자들을 헐뜯는 데에도 이용되었다. 이것이 내가 케인즈와, 더 나아가 그의 추종자들이 10년 안에 해낸 일이라고 생각하는 바이다(W. H. Hutt, *A Rehabilitation of Say's Law* [Athens, Ohio: Ohio University Press, 1974] 참조).

이른바 ""케인즈적-고전파"" 유형의 분류 체계는 최소한으로 말해도 의심스럽다. 사실상 모든 것을 한데 묶어버리는 이러한 분류 방식은"
9,source-009.png,"서론　　　　　　　　　　　　　　　　　　　　　　　　　　　　　　　　　　　　　　　　　　xvii

케인즈의 선구자들이 한계혁명과 케인즈 혁명 사이에 경제적 변동 이론에 기여한 바를, 화폐 전문가들을 통해 명확히 구분해야 할 부분들을 모호하게 만들어버린다. 19세기 말부터 1930년대에 이르기까지 이 분야에 기여한 경제학자들로는 루트비히 폰 미제스, 군나르 뮈르달, D. H. 로버트슨, 하이에크, 그리고 심지어 케인즈 자신도 『화폐론』(초판, 1930년, in *The Collected Writings of John Maynard Keynes*, vols. 5 and 6 [London: Macmillan & Co., 1971])에서 포함된다. 이들 경제학자 각각은 수량 이론의 실패를 지적하고 수정안을 제시했다. 그들은 또한 경제적 변동의 이론적 발전에도 기여했다. 따라서 그들을 고전파 혹은 케인즈 이전이라고 묘사하는 것은 잘못된 것이다. 이들 이론가들은 또한 나중에 케인즈가 화폐경제 비판의 일부라고 부르게 될 것의 특정 부분들을 발전시켰다.

그렇다면 오늘날 하이에크의 연구를 재검토해야 할 이유는 두 가지가 있다. 첫째, 경제학의 발전에서 그의 위치에 대한 재평가가 오랫동안 미루어졌다. 현대 경제 이론에 대한 그의 긍정적 기여는 아직 완전히 평가받지 못했다. 케인즈 혁명의 파고 속에 묻혀버린 그의 사상들은 이제 주요 교과서에서도 더 이상 요약·소개되지 않는다. 둘째, 현재의 케인즈적 혹은 포스트 케인즈적 경제 변동 이론이 인플레이션과 실업의 동시 발생이라는 현상을 만족스럽게 설명하지 못하는 실패는, 하이에크가 이 현상에 대해 말한 바가 더욱 중요하다는 사실을 깨닫게 해준다.

하이에크가 동시대인들에게 오해받았다는 나의 주장은 부연 설명이 필요하다. 하이에크가 당시 영국에서 선도적 대표자였던 오스트리아 학파는 영국 경제학자들에게 다소 이질적인 색채를 띠고 있었다. 더욱이, 이해 부족은 앵글로-아메리카 경제학자들이 하이에크 메시지의 더 큰 함의를 파악하는 데 실패하게 만들었다. 하이에크는 경제학의 근본적인 재편을 요구하고 있었다. 부분적으로 그는, 예컨대 존 R. 힉스의 저술에서 발견되는 1930년대의 신-왈라스적·신-파레토적 일반균형 이론의 부활에 맞서 대항하려 했다. 더 나아가, 일반균형 모형이 광범위하게 채택되기 전에도, 경제학은 이미 사실상 역학의 한 분야가 되어가고 있었다."
10,source-010.png,"xviii　　　　　　　　　　　　　　　　　　　　　　　　　　　　　　　　　　　　　　　　　　서론

사실상 역학(力學)의 한 분야가 되어버렸다. 경제 활동을 가장 잘 조정하는 사회제도를 발견하는 중요한 문제가 시야에서 사라져버렸다. 아담 스미스는 '보이지 않는 손'이라는 개념을 통해, 번영하는 사회 질서가 생산되는 복잡한 방식—어떤 개인(또는 개인 집단)도 그 질서를 설계하거나 생산하도록 의도되지 않았음에도—에 주목했다. 오스트리아 학파의 창시자인 카를 멩거는 스미스의 발자취를 따라 경제학(그리고 일반적으로 사회과학)을, 번영하는 사회 질서의 의도하지 않은 결과를 연구하는 학문으로 정의했다. 하이에크 역시 스미스와 멩거의 발자취를 따랐다.

하이에크의 관점에서, 경제학은 직접적인 관찰이 끝나는 지점에서 시작된다. 경제적 결정의 즉각적인 영향은 비전문가에게도 명백하다. 예컨대, 가격을 낮게 유지하도록 하는 법적 통제는 재화를 (화폐 기준으로) 더 저렴하게 만들고, 시장 청산 수준 이상의 최저 임금은 (고용된) 노동자의 소득을 높인다. 경제학은 이러한 문제들의 숨겨진 측면들, 즉 일상적으로는 이러한 문제들의 측면으로 쉽게 이해되지 않는 현상들(예를 들어, 공급 부족과 실업)을 다룬다.

이러한 관점에서, 경제학은 제도들—즉, 경제력의 작동을 형성하고 결과를 결정하는 사회적, 정치적, 경제적 제도들—과 밀접하게 연관되어 있다. 경제학은 이론적인 동시에 제도적이어야 한다. 만족스러운 경제 질서가 이러한 제도들의 운영 방식과 나아가 그들의 정확한 성격에 달려 있다면. 개별 의사 결정과 시장 가격은 조정된 결과를 낳을 수도 있고 낳지 못할 수도 있다. 그 결과는 이러한 제도들의 기능 방식에 달려 있다. 경제 시스템, 시장 여부를 막론하고, 단순히 고립되어 작동하지 않는다. 이러한 통찰은 최근 들어 더 광범위한 수용을 얻고 있다. 그러나 제도들이 지나치게 중요하며, 이로 인해 제도들이 엄밀하게 관련되지 않는 이론에 *임시방편적* 관찰을 덧붙이는 방식이 된다는 인식은, 아직 충분히 실현되지 않았다.

경제 제도들은 주로 행위자들 사이에서 정보의 전파를 용이하게 하기 위해 존재한다. 경제 질서의 발전에 대한 연구는 정보 흐름에 관한 가정들에 달려 있다. 자원 배분의 표준 정리들은"
11,source-011.png,"*서론* xix

션은 단지 출발점에 불과하다. 하이에크는 경제학자들이 이러한 제도적-정보적 문제를 일반적으로 무시한다는 점을 자주 비판하였다(Friedrich A. Hayek, *Prices and Production*, 2판 [London: Routledge & Kegan Paul, 1935]). 하이에크는 화폐 및 자본 이론에서 난해한 문제들을 재고찰하는 것처럼 보였다. 그러나 그의 주제는 대공황이라는 배경 속에서 유별나게 시의적절한 것이었다. 그의 결론은 도발적이었지만, 이 강의들은 경제 계획의 더 넓은 문제들이나 경제 정보에 관한 그의 다른 연구와 겉보기엔 무관한 것처럼 보였다. 그러나 실제로는 밀접한 관련이 있었으며, 비록 저술가들이 그의 작업을 전체로서 연구하기보다 각 부분으로 구획화하여 다루는 경향이 있음에도 불구하고 그러하다.

하이에크 자신은 자신의 모든 아이디어가 ""서로 연결되어 있다""고 생각하였다. 이 연구가 그의 경제학 저술에 한정되긴 하지만, 정치·법 철학, 심지어 지각의 철학에 관한 그의 후기 저작이 그의 초기 기술 경제학 연구와 일관성을 이룬다는 점은 주목할 만하다. 1931년의 경기 변동에 관한 그의 저작이 1970년대에 *법, 입법, 그리고 자유*를 집필하게 만든 계기가 되었음을 하이에크의 기여에 대한 포괄적인 고찰을 통해 충분히 입증할 수 있을 것이다.

2차 자료들은 하이에크의 사상을 이해하는 데 있어 불량한 지침임이 드러났다. 2차 자료를 무시하지는 않겠지만, 나는 해석상의 중요한 오류라고 생각되는 것들에만 국한하겠다. 또한 하이에크-프랭크 나이트 논쟁에서 자본의 의미와 정의에 관한 논쟁과 같은 직접적인 논의는 피하였다. 이러한 논쟁들은 이 책의 주제에 부수적인 것이며, 나이트는 결코 조정과 불균형에 대한 이론을 제시하지 않았기 때문이다(M. Northrop Buechner, ""Frank Knight on Capital as the Only Factor of Production,"" *Journal of Economic Issues* 10 [September 1976]: 598-617 참조). 오히려 자본에 대한 나이트의 핵심 논지—생산과 소비의 동시성으로 인해 생산 기간이나 투자에 대해 의미 있는 논의를 할 수 없다는 것—는 일련의 동어반복적 명제들에 불과하다. 이 점을 가장 강력하게 지적한 사람은 프리츠 마흘루프(Fritz Machlup)인데, 그는 더 나아가"
12,source-012.png,"xx *서론*

나이트가 양보했을 때—그가 실제로 그랬듯이—투자가 생산을 증가시키지 않는다고 양보함으로써 오스트리아학파에 대한 가장 강력한 논거를 내주었다고 지적하였다(Fritz Machlup, ""Professor Knight and the 'Period of Production',"" *Journal of Political Economy* 43 [October 1935]: 579-80 참조).

나이트의 이론이 자본 이론이 아니라는 나의 주장을 이해하기 위해, *순수 자본 이론(The Pure Theory of Capital)*에서의 그의 연구에 대한 하이에크 자신의 특징적 서술을 인용하겠다.

> 우리의 주된 관심사는 다양한 조건하에서 어떤 종류의 장비를 생산하는 것이 가장 수익성이 높은지, 그리고 그 시점에 존재하는 어떤 장비가 어떻게 사용될 것인지를 일반적 용어로 논의하는 것이다. 그보다는 특정 생산적 장비 스톡의 가치와 그로부터 파생되는 소득을 결정한 요인들을 설명하는 것에 있다. [p. 3]

나이트의 ""자본 이론""이 무엇이든 간에, 그것은 이러한 의미의 자본 이론이 아니었다. 그것을 하이에크의 이론에 대한 대안으로 제시하는 것은 하이에크의 공급 이론에 대한 대안으로 수요 이론을 제시하는 것과 유사하다. 루드비히 M. 라흐만(Ludwig M. Lachmann)이 상기시켜 주듯이, 우리는 여전히 자본 이론을 갖고 있지 않다. 비록 이자 이론들이 ""자본 이론""이라는 이름 아래 존재하지만 말이다(L. M. Lachmann, ""Reflections on Hayekian Capital Theory"" [New York: mimeographed, 1975] 참조).

다시 강조하자면, 이 책의 주제는 경제 활동의 조정이다. 하이에크의 작업은 이 주제의 변주로 볼 수 있다. 종합적으로 볼 때, 그의 작업은 ""신고전파"" 패러다임인 시간 없는 생산, 완전한 예견, 비용 없는 교환, 거의 즉각적인 균형 달성, 그리고 제도 부재의 세계에 대한 급진적 대안의 근거를 제공하는 것으로 평가된다. 여러 면에서 하이에크와 그의 오스트리아 동료들은 고전 정치경제학으로 거슬러 올라갔다. 그들은 주관적 가치론자이자 리카도 정치경제학의 방법론적 전체론자로서 개인주의를 거부하였다. 그렇게 함으로써 그들은 아담 스미스의 기초 연구 프로그램을 발전시켰다. 그들은 제도주의자들과 마찬가지로 시장 제도의 진화에 대한 관심을 공유했지만, 이러한 연구를 경제 이론의 보완물로, 즉 경제 이론의 대체물이 아닌 것으로 보았다. 그들은 당대의 이론가들 가운데 최전선에 있었지만, 경제학을 한정시키는 것에 저항하였다."
13,source-013.png,"*서론* xxi

균형 상태의 순수 이론에 관한 경제학으로. 이어지는 지면에서 나는 특히 하이에크의 구체적인 기여와 일반적 접근 방식 양자를 모두 해명함으로써 이러한 특징들을 뒷받침하고자 한다. 그렇게 함에 있어 나는 가장 큰 기술적 기여가 담겨 있는 그의 화폐 경제학을 강조할 것이다. 그러나 그렇게 하는 것이 내 자신의 테제를 사실상 허위로 만드는 것이 되므로, 나는 결코 화폐 경제학에만 국한하지 않을 것이다. 대신, 나는 경제학에 대한 그의 다양하고 풍부한 기여들을 연결하고, 그것들이 분권화된 계획과 시장 조정의 연구로서의 경제학이라는 전체적인 구상을 입증하고 있음을 보여주고자 할 것이다."
14,source-014.png,
15,source-015.png,"# 1

# 1920년대의 논쟁들

사상사의 계발은 자연과학에서보다 경제학에서 더욱 필요하다. 경제학에서 이전의 발견들은 망각될 위험이 더 크기 때문이다. 지식의 *누적적* 성장을 유지하기가 더 어렵다. 자연과학에서는 발견들이 기술에 체현되며, 그 기술의 많은 사용자들이 제대로 이해하려는 손익 동기를 갖고 있다. 경제학 기술의 실행자들은 시장 검증과 투표함 검증을 모두 받아왔다. (물론 양자의 차이는 잊어서는 안 된다.) 경제학에서, 이전의 기여들을 인식하고 이전의 실수들을 인식하게 해주는—그것들이 표면상 새로운 아이디어로 부상할 때—전문 연구자들이 필요하다. 학문사에 대한 필요한 규율을 발휘함으로써, 경제학의 역사 전문가들은 경제학의 누적적 특성에 기여할 수 있다(Leland B. Yeager, ""The Keynesian Diversion,"" *Western Economic Journal* 11 [June 1973]: 1163).

## 서론

케인스(John Maynard Keynes)라는 이름과 ""케인즈주의""로 불리는 경제학의 조류는 오늘날 모든 현직 경제학자와 경제학도에게 알려져 있다. 이에 반해 프리드리히 A. 하이에크(Friedrich A. Hayek)의 연구는 현 세대에게는 사실상 알려져 있지 않다. 나이 든 경제학자들에게 ""하이에크""라는 이름은 단지 과거 논쟁의 기억을 불러일으킬 뿐이다. 1974년 노벨 기념상을 수상하기 전까지, 경제학자들(하이에크 교수와 뮈르달 교수 모두)은 그의 연구에 관심을 잃었다. 존 히크스 경(Sir John Hicks)은 하이에크에 대한 무시에 대해 다음과 같이 언급하였다.

1930년대의 경제 분석에 대한 결정적인 역사가 집필될 때, 그 드라마의 주인공은 케인스 교수가 될 것이다. 그리고 그 드라마의 악당은—드라마에는 악당이 필요하므로—하이에크 교수가 될 것이다. 하이에크의 경제학 저술들은 현대 학생들에게는 거의 알려져 있지 않다. 그것들은 거의

1"
16,source-016.png,"2 *경제학: 조정 문제로서의 경제학*

케인스의 새로운 이론들의 주요 경쟁자가 하이에크의 새로운 이론이었던 시절이 있었음을 기억해야 한다. 케인스가 옳은가, 하이에크가 옳은가? 이 물음에 답을 내리지 못하고 한참 시간이 걸린 살아 있는 경제학 교사들이 아직도 있으며—문제에 대해 마음을 정하는 데 꽤 오랜 시간이 걸린 실천적 경제학자들도 있다(현 저자를 포함하여).¹

힉스는 ""어떻게 이런 일이 생겼는가?""라고 물었다. 나는 단순히 힉스의 질문을 이어받으려는 의도 외에도, 현대 경제 이론의 발전에 대한 관심이나 한때 중요하게 여겨졌던 연구 문제들이 오늘날 등한시되는 이유에서 이 질문을 다시 취할 충분한 이유가 있다고 생각한다. 그러한 탐구는 새로운 지식을 드러내거나, 예거(Yeager)가 지적했듯이, 학문 전체가 무엇을 잊었는지를 재발견하게 해줄 수 있다.

과학적 발전은 일반적으로 가설 형성, 경험적 검증, 가설 재정식화, 재검증 등의 과정이 누적되는 것으로 이해된다. 이 과정은 체계적으로 실증되지 않은 가설을 기각하고, 증거와 일치하지 않는 가설을 수용하지 않는다. 이러한 체계적 과정을 통해 각 분야의 교과서들은 중요한 발견들을 반영하고 과거의 오류를 삭제한다. 어느 시점에서든 특정 과학은 참으로 알려진 모든 아이디어와 이론을 담고 있으며, 거짓으로 알려진 것들은 배제한다.

그러나 과학적 발견에 대한 이러한 설명은 부정확하다는 주장이 있다. 선구적 저작에서 T. S. 쿤(Kuhn)은 과학이 ""혁명""의 방식으로 발전한다고 제안했다.² 일상적인 과학 활동은 수용된 이론의 경험적 내용을 ""채워 나가는"" 것으로 간주된다. 방법론과 함께 수용된 이론의 집합체를 쿤은 ""과학적 패러다임""이라고 불렀다.

쿤의 관점은 모든 선입견과 이론을 언제든지 거부의 대상이 되는 명제로 취급하는 것이 불가능하다는 점을 인정한다. 어떠한 과학에서도 ""핵심(core)""이 있는데, 이는 사실로 수용된 이론 체계와 사실로 수용된 사실 정보의 집합이다. 경제 지식의 상태를 추정하기만 해도 된다. 예컨대 공급-수요 분석이 가설로서 검증과 기각의 대상으로 다루어진다면, 그리고 지배적인 정통 학설이 과학자들의 인식과 판단에 영향을 미친다면

---
¹ [원주 1 해당 내용]"
17,source-017.png,"*1920년대의 논쟁들* 3

어떤 문제들은 제기조차 되지 않거나, 제기되더라도 ""과학적으로 적절하지 않은"" 것으로 여겨지게 된다. 그 결과 일부 탐구 방향은 개척되지 못하고, 이론적 오류는 발견되지 않은 채 남는다.

쿤의 분석에 따르면, 과학적 패러다임은 이상(anomalous) 연구 결과들이 패러다임을 유지하기 어렵게 만들 때 폐기된다. 그러한 발견들은 정통 이론에 맞지 않는다는 이유로 기각될 수도 있지만, 다른 이유들이 제시될 수도 있다. 실제로 발견자들은 자신의 이론적 신념 때문에 과학의 경계 밖으로 밀려나기도 하며, 이는 점점 더 많은 증거들 앞에서도 패러다임을 유지할 수 없게 될 때에야 비로소 드러난다. 결국 새로운 패러다임이 구축되어야 하며, 학문의 자원이 패러다임 논쟁에 소진되는 동안 과학적 진보는 새로운 정통 학설이 등장할 때까지 지연된다.

이러한 쿤의 관점이 옳다면, 두 가지 주목할 만한 결론이 따른다. 첫째, 기존 패러다임이 폐기될 때 일부 지식이 상실될 수 있다. 이전 패러다임의 모든 진실이 새로운 것으로 반드시 통합될 필요는 없다. 둘째, 패러다임이 이상 현상들을 근거로 기각될 수 있으며, 이러한 이상적 발견들은 해당 패러다임과 일관된 방식으로 설명될 수 있다. 이 통찰들은 본서에서 활용될 것이다.

경제학자들이 이른바 케인스 대 고전파 논쟁을 재검토하는 작업은 또 다른 논쟁으로 이어졌는데, 이를 케인스-케인지언 논쟁이라 부를 수 있다.³ 경제학자들은 케인스의 『일반이론』과 그 후속 논쟁, 즉 케인지언 혁명을 모두 언급한다. '혁명'이라는 단어는 과거 전통과의 급격한 단절을 함의한다. 이 혁명에 관한 초기 작업은 케인스가 무엇을 말했고 어떻게 말했는지를 다루었으나, 이후에는 케인스의 선행자들이 실제로 무엇을 주장했는지에 초점이 이동했다. 과연 ""고전 경제학""이 실제로 존재했는가, 아니면 이는 케인스의 저술을 돋보이게 하기 위한 허수아비에 불과한가?⁴

케인스 대 고전파 논쟁에 대한 초기의 중요한 발견은, 고전 경제학이 거시 문제에 관해 일관된 이론을 산출한 적이 없다는 것이었다. 힉스는 이미 1937년에 이를 지적했으나, 이후 거시 교과서 저자들은 놀랄 만한

---
³ [원주 3 해당 내용]
⁴ [원주 4 해당 내용]"
18,source-018.png,"4 *경제학: 조정 문제로서의 경제학*

아무것도 없는 상태에서 ""고전 경제학""이라는 허구를 만들어 낸 독창성을 발휘했다. 이러한 조사들의 결과로, 케인스는 주요 이론적 기여를 하지 않았을 뿐만 아니라 독창적인 정책 처방도 내놓지 않았다고 주장할 수 있다. 실제로 엑셀 레이욘후프부드(Axel Leijonhufvud)는 케인스가 ""소득-제약적(income-constrained)"" 과정에 초점을 맞추는 면에서 경제학의 기존 패러다임과 단절했다고 제안했으나, 그의 이론적 기여는 더욱 과격한 추종자들이 주장하는 것만큼 혁신적이지 않을 수 있다고도 보았다.⁵ 한편으로 케인스는 마샬리언 경제학자였으며, 마샬리언 경제학은 그가 진정으로 잘 아는 유일한 경제학이었다. 레이욘후프부드는 또한 케인스 작업의 혁신적인 측면이 그의 시장 운영 방식과 그 잠재적 붕괴에 대한 광범위한 개념에 있다고 주장했다.⁶

케인스가 당대의 정통 학설에 도전한 유일한 경제학자는 아니었으며, 『일반이론』이 그 목적에서 유일한 중요한 작업도 아니었다. 하이에크가 약간 다른 맥락에서 쓴 바와 같이: ""우리는 모두 1920년대에 유사한 아이디어를 가지고 있었다.""⁷ 레이욘후프부드는 케인스의 『논고(Treatise)』의 아이디어로부터의 명확한 진행을 놓치는 것이 『일반이론』을 ""깔끔한 단절""로 묘사하는 것이라고 지적했다.⁸

본서의 주요 전제는, 하이에크가 대공황 이전의 아이디어들이 1920년대의 호황기에 잉태되었다는 주장에서 옳았다는 것이다. 나는 이 강도 높은 경제 정통성 의문 제기의 시기에 대한 하이에크의 기여를 재검토하고, 특히 분권화된 시장 경제에서 경기순환 문제와의 관련 속에서 경제적 정통성 문제를 재검토할 것이다.

## 문제의 관점

하이에크가 노벨상을 수상하기 이전에도 경제학에 대한 그의 기여에 대한 관심 부활이 있었다. 이 부활의 공은 힉스에게 돌아간다. 그러나 힉스는 경제 이론을 다루는 하이에크의 저작들을 직접 다루면서도 가격 메커니즘을 분권화된 시장 경제에서 정보를 전달하는 장치로 분석하는 것을 무시했고 오류를 범했다. 하이에크에게 있어 가격 체계는 이용 가능한

---
⁵ [원주 5 해당 내용]
⁶ [원주 6 해당 내용]
⁷ [원주 7 해당 내용]
⁸ [원주 8 해당 내용]"
19,source-019.png,"*1920년대의 논쟁들* 5

정보를 최소 비용으로 시장 참여자들에게 전달하면서, 그 시스템 내 개별 행위자들의 처음에는 양립 불가능했던 계획들을 상호 양립 가능하게 만드는 경향이 있다. 그의 연구는 통합된 전체를 형성하며 그 자체로 인식되어야 한다.

힉스가 시도했던 것처럼 하이에크의 경기순환 이론을 적절히 평가하는 것은, 그의 연구를 경제 이론의 토대와 가격 체계에 관한 연구 없이 고려하는 것으로는 불가능하다. 하이에크가 시장 경제의 작동 방식에 관해 가졌던 개념은 특히, 가격을 정보의 전달자로 분석하는 이론적 연구에서 그가 가장 독창적이었다. 최근 프리드리히 하이에크를 기리는 학술지에 기고한 저자들조차 가격 메커니즘을 분석하는 것을 시도하지 않았다.⁹

G. L. S. 샥클(Shackle)은 1920년대 경제학자들이 가졌던 지배적 관점을 ""천체역학의 인간적 대응물""이라고 요약했다. 샥클에 따르면, ""거대 경제 체계""라는 정통 학설은 1870년 이후 등장하여 경제학을 ""일반적이고 완전 경쟁적이며, 완전 고용 정태적(또는 더 나아가 무시간적) 균형""의 이론으로 만들었다. 이는 예컨대 화폐의 존재가 거의 의미를 갖지 않는 경제학이었다.¹⁰

나는 하이에크의 연구를 1920년대 경제 이론의 ""거대 체계"" 개념에 대한 급진적 비판으로 간주한다. 1920년대의 경제 이론 개관을 제시함에 있어, 영국(그리고 어느 정도는 미국)을 지배하던 경제 이론을 대륙의 이론과 대조할 필요가 있다.

대부분의 경제사상사는 한계효용 원리 교리의 세 ""발견자""—제번스(Jevons), 레옹 발라(Léon Walras), 칼 멩거(Carl Menger)—의 저작들이 본질적으로 동일하다고 본다. 이 세 사람의 기여는 마샬에 의해 종합되었고, 다양한 이유로 마샬리언 체계는 힉스-새뮤얼슨, 신-왈라스 일반균형 접근법으로 대체되었다. ""새로운"" 미시경제학은 결국 케인지언 거시경제학과 결합되었으며, 그 결과 경제 이론의 핵심은 ""신고전파 종합""으로 불린다. 이는 명백히 단선적인

---
⁹ [원주 9 해당 내용]
¹⁰ [원주 10 해당 내용]"
20,source-020.png,"6 *경제학: 조정 문제로서의 경제학*

관점이다. 현대 경제학에 대한 보다 정확한 설명은 신-신고전파적이라 할 것이다. 신-신고전파 경제학자들은 제번스, 발라, 멩거, 그리고 그들의 추종자들이었다. 현대 정통 경제학이 초기 한계주의에 기초하고 있다고 주장하는 것은, 힉스와 폴 새뮤얼슨의 영향을 최소화하고, 암묵적으로 케인스 연구의 혁명적 성격을 부정하는 것이다.

이러한 교과서적 경제사상 관점은 의미론적으로만 부정확한 것이 아니라, 이들 경제학자들의 공통 분모를 포착한다는 주장에서도 오류를 범하고 있다. 실제로 교과서적 접근은 이들 경제학자들 간의 개념적 유사성을 강조하되, 불일치의 영역은 무시한다. 나는 한계혁명이 세 가지 뚜렷한 국면을 거쳤으며, 각 국면은 상이한 계보를 따라 발전했다고 주장한다. 실제로 20세기 경제사상의 역사는 신고전파 경제학이 통합된 이론이라는 명제를 기각해야 가장 잘 이해된다.¹²

사실 신고전파의 통일성에 대한 태도와 무관하게, 이 세기 전반기 대륙에서의 사상을 지배한 것은 오스트리아학파였다. 따라서 크누트 빅셀(Knut Wicksell)은 1924년에 다음과 같이 썼다:

멩거 … 는 오스트리아학파라는 열정적이고 재능 있는 추종자 집단을 형성하는 데 성공했으며, 그 학설은 전 세계로 퍼져 나갔고, 50년간 이론경제학의 과정을 지배했으며, 어느 정도는 재정 이론에서도 그러했다.¹³

나는 빅셀의 말을 수정하여, 멩거의 학설이 영미권이 아닌 전 세계로 퍼졌다고 하겠다. 1920년대 내내 영국 경제학자들은 오스트리아학파에 대해 대체로 무지했다.¹⁴ 그러나 대륙에서는 독일, 오스트리아, 스웨덴의 경제학자들이 하나의 지적 전통 안에서 소통하며 별개의 지적 전통을 발전시켰다. 스웨덴과 오스트리아 경제학자들은 특히 화폐 이론, 경기순환, 동태적 균형 분석에 관한 독창적 연구를 수행했다.

오스트리아의 기여가 명백히 존재하기는 하지만, 이 기여의 특수한 측면들을 명시하는 것이

---
¹² [원주 12 해당 내용]
¹³ [원주 13 해당 내용]
¹⁴ [원주 14 해당 내용]"
21,source-021.png,"# 1920년대의 논쟁들 · 7

오스트리아 학파 경제학자들을 다른 경제학자들과 구별짓는 것이 무엇인지 규명하는 작업이다. 힉스는 자본 이론에 대한 그들의 독자적인 기여와 화폐의 본질에 관한 멩거의 중요한 통찰을 강조했다.¹³ 제임스 뷰캐넌은 경제학의 많은 현대적 논의에 스며들어 있는 실질 비용 교의들을 통해 런던 경제대학원 전통의 오스트리아적 뿌리를 상세히 서술했다.¹⁴ 그렇다면 특별히 ""오스트리아적""인 것은 무엇인가?

처음부터, 즉 칼 멩거의 『원리(Grundsätze)』 시절부터 오스트리아 학파와 자신을 동일시한 경제학자들은 두 가지 절차를 따름으로써 두각을 나타냈다. 첫째, 그들은 엄격한 방법론적 개인주의자들이었다. 둘째, 그들은 실증 경제 분석에 규범적 판단을 개입시키는 것을 충실히 피했다.¹⁵ 방법론적 개인주의의 준수에서 비롯된 부산물로서, 그들은 주관주의를 경제학에서 설명과 발견의 기본 토대로 채택했다.¹⁶ 긍정적 경제학과 규범적 경제학 사이의 날카로운 구분에 대한 그들의 독창적인 주창은 이제 널리 받아들여지고 있으며, 더 이상 오스트리아 경제학에만 고유한 것으로 여겨지지 않는다(비록 소수의 경제학자들만이 이 분야에 대한 오스트리아의 영향을 인정하고 있지만). 개별 경제학자들이 주관주의와 방법론적 개인주의의 원칙을 타협시킨 한에서, 그들은 뚜렷한 오스트리아적 색채를 잃어갔다.

오스트리아 학파 경제학을 특히 로잔 학파와 구별짓는 또 다른 특성이 있다. 오스트리아의 기여들은 섀클이 ""거대 체계(Grand System)""라고 묘사한 것, 즉 조정 시간의 요소에 주목하고 그 결과 상호 결정의 기법보다 고전 경제학의 인과-순차적 분석을 채택한 것에 포함될 수 없었다.¹⁸ 상호 결정의 거부는 그들의 지적 기여가 시대에 뒤떨어진 것이라는 증거로 받아들여져 왔다. 나아가 이는 그들이 경제적 요소들의 상호 의존성을 무시했다는 근거 없는 주장으로 이어지기도 했다.¹⁹ 오히려 그들의 접근법은 균형 상태보다는 시장 과정에 대한 관심의 부산물이었으며, 이 관심은 미제스와 하이에크의 저술에서 가장 완전하게 발전된 형태를 갖추게 되었다.²⁰ 특징적으로 오스트리아적이라고 여겨지는 많은 입장들은 이들 두"
22,source-022.png,"# 8 · 조정 문제로서의 경제학

저술가들, 즉 이 전통의 가장 완성된 발전을 대표하는 저작들을 남긴 이들의 작업에서 비롯된다.

오스트리아 및 스웨덴 경제학자들은 멩거와 그의 제자들의 작업에 익숙했으며, 동태적 분석이라는 기법을 개척했다. 유럽 대륙에서 교육을 받은 그들은 영국의 동료들과 달리 발라-파레토 전통과 그 한계점을 잘 인식하고 있었다. 스웨덴 경제학자들만이 ""과정 분석""의 공로를 인정받았지만, 하이에크도 같은 방향으로 작업하고 있었다. 본질적으로 스웨덴과 오스트리아 경제학자들은 균형 *상태*가 아닌 시장 *과정*에 초점을 맞추도록 경제 이론을 재정립하고 있었으며, 이를 통해 개인들의 이질적인 계획들이 어떻게 균형에 이르는지를 탐구했다.

스웨덴에서는 에릭 린달과 군나르 뮈르달이 윅셀의 작업을 정제하고 있었다. 오스트리아에서는 미제스와 하이에크가 오이겐 폰 뵘-바베르크와 윅셀의 작업을 심화시키고 있었다. 1933년 하이에크는 비독일어권 기여를 편집하여 빈에서 독일어 저작물 모음집인 『화폐이론과 경기순환(Beiträge zur Geldtheorie)』(Vienna, 1933)을 출간했는데, 여기에는 윅셀과 뮈르달 양측의 논문들이 수록되었다. 뮈르달의 기여인 「화폐이론의 도구로서의 균형 개념(Der Gleichgewichtsbegriff als Instrument der Geldtheoretischen Analyse)」은 1939년이 되어서야 영어로 번역되어 출간되었다.²²

섀클은 뮈르달의 동시성(simultaneity)—만약 우선성(priority)이 아니라면—을 케인스의 작업과 비교하여 주장했다. 실제로 섀클은 어떤 면에서 뮈르달의 성과가 『일반이론(The General Theory)』에서의 케인스 것보다 더 만족스럽다고 시사했다. 그는 또한 *사전적-사후적(ex ante–ex post)* 구분을 공식화하고 효과적으로 활용하는 데 있어 뮈르달의 우선성도 주장했다.²³ 그러나 사상사적 관점에서 한 가지 사실을 지적할 필요가 있다. 하이에크의 독립적인 작업을 논함에 있어서, 스웨덴과 오스트리아 경제학자들은 초기 오스트리아인들의 공통적인 영향 아래 저술했다.²⁴

1930년대 이전 영국 경제학자들은 이러한 대륙적 발전들에 대해 무지했으며, 이후의 연구자들도 마찬가지였다. 하이에크는 케인스의 『화폐론(Treatise)』에 대해 대륙의 경제학자에게는 아무것도 새로울 것이 없다고 말할 수 있었다(단 제시 방식이 다소 혼란스럽다는 점은 있지만). 『화폐론』이 출간될 당시 케인스는 뵘-바베르크의 자본 이론을 전혀 알지 못했으며, 이는 하이에크가 1931년 그 작업에 대한 서평에서 강조한 사실이다.²⁵"
23,source-023.png,"# 1920년대의 논쟁들 · 9

섀클의 ""거대 체계""에서 경제학은 장기적 현상을 다룬다. 경제학자들이 어떤 이유로 자신의 분석을 이러한 용어로 표현하려 했든 간에, 그 결과는 제1차 세계대전 이후 경제학자들을 점점 더 사로잡게 된 불균형 문제에 대응하는 데 불만족스러운 것으로 드러났다. 이제 내가 다룰 것은 바로 이 단기적 현상들의 집합이다.

## 균형에 관한 하이에크

하이에크는 성공적인 경제적 불균형 분석이 균형 개념의 재정립을 필요로 한다고 주장했다. 그는 이 과제에 상당한 에너지를 쏟았다. 1930년대 말과 1940년대에 걸쳐 그는 가격 전달 메커니즘과 사회적 기능에 관한 논문들을, 그리고 사회주의 경제 계산 논쟁의 연장선상에서 집필했다. 다른 관점에서 보면, 이 저술들은 화폐 경제에 관한 그의 작업 그리고 경기 순환 이론과 함께, 단일한 기본 문제—하나의 기본 이론만으로 다양한 층위의 문제들을 파악하기 위한—에 씨름하는 시도로 볼 수 있다. 이 기본 이론의 경우 그의 가격 이론은 사업 주기 이론의 연장으로 해석될 수 있다.²⁶ 따라서 하이에크의 모든 작업은 경제적 배분에 대한 강조를 수반한 사회적 상호 작용 개념에서 흘러나오는 것으로 볼 수 있다.

하이에크의 연구 생애를 단일한 사상의 논리적 전개로 보는 것이 적절한가? 비록 그의 화폐 이론 작업의 상당 부분이 가격 이론에 관한 것보다 앞서 씌어졌지만, 나의 견해로는 그가 체계적으로 화폐 이론의 기본 가정들을 비판과 오해에 대응하여 발전시켜 나갔다는 것이다.²⁶ 하이에크는 여러 차례 영국 독자들이 그에게는 이미 상식적인 경제학 영역에 대해 익숙하지 않다는 점에 놀라움을 표명했다.²⁷

슘페터의 통찰—한 인간의 작업은 경제 문제에 대한 그의 총체적 개념에 달려 있다는—은 적절하다.²⁸ 따라서 이 저술의 목적은 시장 과정에 대한 하이에크의 개념을 명확히 밝히는 것이다. 무엇보다도 이 규명은 거시경제학의 재정립에 도움이 될 것이다."
24,source-024.png,"# 10 · 조정 문제로서의 경제학

## 저작 연대기

*가격과 생산(Prices and Production)*(이 책 말미의 참고문헌 참조)은 하이에크의 첫 번째 영어 주요 저작이었다. 1931년 처음 출간된 『가격과 생산』은 영국에서 하이에크에게 광범위한 명성을 가져다주었고, 오스트리아 경기 순환 이론을 영국인들에게 소개했다. 『화폐이론과 경기순환(Monetary Theory and the Trade Cycle)』은 1933년까지 번역·출간되지 않았는데, 실제로는 1928년에 독일어로 작성·출간되었다. 『화폐이론과 경기순환』을 먼저 읽어야 하고 『가격과 생산』이 그 뒤를 따라야 한다는 점을 분명히 하면서도, 영국 독자들은 『가격과 생산』이 출간되고 나서 2년이 지나서야 이전 저작에 접근할 수 있었다.

하이에크는 사회주의 계산 논쟁에서 중요한 참여자였으며 1935년에 『집산주의적 경제 계획(Collectivist Economic Planning)』이라는 제목의 논문집을 편집했다. 동시에 그는 학술지에 화폐·자본·경기 순환 이론 논문들을 발표하고 있었다. 경기 순환과 사회주의 계산 문제에 관한 이 연구들은 자원 배분에서 가격의 결정적 역할이 충분히 인정받지 못했다는 사실을 암시하는 더 확고한 이론적 토대의 필요성을 제기했다. 1936년부터 1946년 사이에 쓴 일련의 논문들에서 그는 가격이 두 가지 중요한 기능을 수행한다고 강조했다. 가격은 자원의 상대적 희소성에 관한 정보를 전달하며, 일정한 가정 아래 거래 당사자들의 계획 조정을 개선시킨다.²⁹

가격 체계와 중앙 계획 경제에서의 자원 배분에 관한 하이에크의 작업 간의 연관성은 쉽게 파악된다. 화폐 이론에 관한 작업과 경기 순환 이론에 관한 작업 사이의 연관성은 더 자명하다. 그러나 경기 순환 이론과 경제 일반 이론 사이의 연관성은 덜 분명할 수 있다. 그럼에도 하이에크는 경기 순환을 저축자와 투자자들의 중요한 시장 신호—상대 가격—가 이전의 화폐적 교란에 의해 왜곡될 때 나타나는 비협조의 결과로 파악했다.

하이에크는 1939년에 경기 순환 이론을 재정립했다.³⁰ 그러나 그의 *magnum opus*인 자본 이론서 『자본의 순수 이론(The Pure Theory of Capital)』은 1941년이 되어서야 출간되었다. 이 또한 그보다 수년 전에 출간된 저작들의 토대를 규명하는 작업이었다."
25,source-025.png,"# 1920년대의 논쟁들 · 11

1940년대에 하이에크는 다른 문제들로 관심을 돌렸다. 그는 과학의 철학과 사회과학 일반, 정치 철학, 그리고 지각의 이론에 대해 연구하기 시작했다. 하이에크는 1950년대에 이르면 화폐 이론에 대한 관심을 완전히 잃었다고 고백했다.³¹ 이 책은 따라서 하이에크 전체 저작의 절반 정도만을 다루게 될 것이다. 그러나 그 절반을 이해하기 위해서는 하이에크를 연대기적 순서가 아닌 논리적 순서로 읽어야 한다.

---

## 주석

1. 존 힉스, ""하이에크 이야기,"" *화폐 이론의 비판적 에세이(Critical Essays in Monetary Theory)*(Oxford: Oxford University Press, The Clarendon Press, 1967), p. 203. (이하, *비판적 에세이(Critical Essays)*.)

2. 토머스 S. 쿤, *과학혁명의 구조(The Structure of Scientific Revolution)*(Chicago: University of Chicago Press, 1963) 참조. 또한 악셀 레욘후부드, *케인지언 경제학과 케인스의 경제학(On Keynesian Economics and the Economics of Keynes)*(New York: Oxford University Press, 1968), pp. 5-6 참조. (이하, *케인지언 경제학(Keynesian Economics)*.)

3. 케인스 대 고전파 논쟁에 관해서는, 예컨대 W. H. 허트, *케인스주의: 회고와 전망(Keynesianism: Retrospect and Prospect)*(Chicago: Henry Regnery Co., 1963); 로버트 레카크만, *케인스의 시대(The Age of Keynes)*(New York: Random House, 1967); 힉스, *비판적 에세이(Critical Essays)*; J. 로니 데이비스, *신경제학과 구경제학자들(The New Economics and the Old Economists)*(Ames, Iowa: Iowa State University Press, 1971)(이하, *신경제학(The New Economics)*) 참조. 케인스와 케인지언들에 관해서는 악셀 레욘후부드, *케인지언 경제학(Keynesian Economics)*; 허셜 I. 그로스만, ""케인스는 케인지언이었는가?"" *경제 문헌 저널(Journal of Economic Literature)* 10 (March 1972): 26-30; G. L. S. 섀클, ""케인스와 오늘날의 경제학 체계(Keynes and Today's Establishment in Economic Theory): 하나의 관점,"" *경제 문헌 저널(Journal of Economic Literature)* 11 (June 1973): 516-19 참조.

4. 이 변화는 경제학자들이 케인스의 메시지를 이해했다고 확신하게 된 이후에 일어났다.

5. 데이비스, *신경제학(The New Economics)*, 전반. 또한 동저자, ""헨리 사이먼스, 급진주의자: 몇 가지 다큐멘터리 증거,"" *정치 경제사(History of Political Economy)* 1 (Fall 1969): 388-94 참조. 이 논의와 관련하여 레욘후부드, *케인지언 경제학(Keynesian Economics)*, pp. 31-35의 논의도 참조.

6. 레욘후부드, *케인지언 경제학(Keynesian Economics)*, p. 24ff; 37-58; 전반. 예거는 케인스가 레욘후부드가 그에게 귀속시키는 것으로 공정하게 인정될 수 없다고 주장했다. 랜드 예거, ""케인지언 편향(The Keynesian Diversion),"" *서양 경제 저널(Western Economic Journal)* 11 (June 1973): 150-63 참조.

7. 하이에크가 밀턴 프리드먼에게 보낸 서한, 그의 헨리"
26,source-026.png,"# 2

# 조정 문제

경제학의 고유한 연구 대상은, 무엇보다도 먼저, 사람들이 자신의 목적을 가장 잘 달성할 수 있는 방법이 타인과 협력하는 것임을 알게 될 때 자연스럽게 형성되는 관계의 유형이다 (Philip H. Wicksteed, ""정치경제학의 범위와 방법"" [1914]).

---

## 오늘날의 문제

많은 현대 연구자들이 믿는 것보다 과학에서의 진보는 더디게 이루어진다.¹ 경제학에서는 경제적 불균형과 같은 문제의 지속적인 존재가 진보를 좇기 어려운 목표로 만든다. 이론적 문제는 두 가지다. 첫째, 이론은 비균형 상태에 적용 가능해야 하고, 둘째, 가격과 수량 변수들이 균형 이외의 값을 가질 때 거래자들의 행동에 대한 서술이 제시되어야 한다.

""왈라시안적으로"" 사고하는 것은 진보를 촉진하지 못했다.² 로버트 클라워(Robert Clower)는 신-왈라시안 이론이 화폐 이론과 가치 이론의 통합에 더욱 방해가 된다고 지적했다.³ 경기순환을 둘러싼 이론적 문제들(제1차 세계대전 이후 나폴레옹 전쟁 당시와 같이 실질적인 경제 문제로 대두된)은 여전히 핵심 논쟁으로 남아 있다. 이제 문제는 ""경제가, 혹은 적어도 그 시장들이, 자기조절 시스템으로 간주될 수 있는 정도""이다.⁴

시장 경제가 어느 정도로 ""자기조절"" 시스템인가 하는 문제는 거래자들이 이용 가능한 정보에 달려 있다.⁵ 불균형은 완전하지 못한 정보의 결과이다. 신-왈라시안 경제학은 내생 변수들에 대한 균형 이외의 값을 다루지 않는다.⁶ 신-왈라시안 일반균형 이론에서는,

---

16"
27,source-027.png,"*조정 문제* &nbsp;&nbsp;&nbsp;&nbsp;&nbsp;&nbsp;&nbsp;&nbsp;&nbsp;&nbsp;&nbsp;&nbsp;&nbsp;&nbsp;&nbsp;&nbsp;&nbsp;&nbsp;&nbsp;&nbsp;&nbsp;&nbsp;&nbsp;&nbsp;&nbsp;&nbsp;&nbsp;&nbsp;&nbsp;&nbsp;&nbsp;&nbsp;&nbsp;&nbsp;&nbsp;&nbsp;&nbsp;&nbsp;&nbsp;&nbsp;&nbsp;&nbsp;&nbsp;&nbsp;&nbsp;&nbsp;&nbsp;&nbsp;&nbsp;&nbsp;&nbsp;&nbsp;&nbsp;&nbsp;&nbsp;&nbsp;&nbsp;&nbsp;&nbsp;&nbsp;&nbsp;&nbsp;&nbsp;&nbsp;&nbsp;&nbsp;&nbsp;&nbsp;&nbsp;&nbsp;&nbsp; 17

어떠한 정보 문제도 존재하지 않는다. 예상대로, 화폐 이론과 가치 이론을 통합하려는 시도는 중단되고, 화폐의 존재 자체가 미래에 대한 불확실성의 표시인 한 무산되어버린다.⁷

미시경제학과 거시경제학 사이에는 불편한 동맹이 존재하며, ""일반 이론 [은] 중간에서 분열된다.""⁸ 가격 결정과 실업에 관한 신-왈라시안 이론은 ""대(大) 신고전파 종합""으로 불리는 곳에서 케인즈 이론과 통합되었다.⁹ 그 종합은 현대 경제학의 학생은 물론 교사에게도 혼란의 원천이다.¹⁰

양차 세계대전 사이의 막간 동안, 동일한 논쟁들이 전개되었고 경제 이론의 근본적인 문제들이 논의되었다. 그러나 핵심 문제들은 결코 해결되지 않았다.

이 논쟁에서 하이에크는 마셜 경제학(당시 영국에서 지배적이었던)과 신-왈라시안 경제학(앵글로-아메리칸 경제학에서 지배적인)을 모두 비판하였다. 하이에크는 이 두 정통 패러다임 중 어느 것도 경제 활동에 내재된 정보 문제에 충분한 주의를 기울이지 않는다고 주장하였다.

가격 시스템을 정보의 전달자로 보는 논문에서, 하이에크는 거래자들의 계획의 *일관성*과 그 일관성을 달성하는 데 필요한 *정보*를 언급하는 균형 개념을 발전시켰다. 하이에크는 또한 시간이 지남에 따른 자원 배분의 문제를 분석하였다. 어느 정도까지 하이에크는 경기순환에 관한 자신의 이론을 발전시키기 위해 가격과 시장에 대한 자신의 견해를 정교화하였다. 그러나 경기 변동에 관한 그의 연구의 이 이론에 대한 연관성은 문헌에서 명확하게 제시된 바 없다.

---

## 경제학의 혁명과 반혁명

G. L. S. 섀클(G. L. S. Shackle)이 ""대 체계""라고 부른 것에 대한 반발은 케인즈를 포함한 여러 주창자들에 의해 이루어졌다. 최후의 승리는 J. R. 힉스(J. R. Hicks)와 폴 새뮤얼슨(Paul Samuelson)이 수행한 반혁명에 의해 이루어졌다. 로버트 아이즈너(Robert Eisner)는 성장 이론을 정화한 ""신고전파 부흥""을

---"
28,source-028.png,"18 &nbsp;&nbsp;&nbsp;&nbsp;&nbsp;&nbsp;&nbsp;&nbsp;&nbsp;&nbsp;&nbsp;&nbsp;&nbsp;&nbsp;&nbsp;&nbsp;&nbsp;&nbsp;&nbsp;&nbsp;&nbsp;&nbsp;&nbsp;&nbsp;&nbsp;&nbsp;&nbsp;&nbsp;&nbsp;&nbsp;&nbsp;&nbsp;&nbsp;&nbsp;&nbsp;&nbsp;&nbsp;&nbsp;&nbsp;&nbsp;&nbsp;&nbsp;&nbsp;&nbsp;&nbsp;&nbsp;&nbsp;&nbsp;&nbsp;&nbsp;&nbsp;&nbsp;&nbsp;&nbsp;&nbsp;&nbsp;&nbsp;&nbsp;&nbsp;&nbsp;&nbsp;&nbsp;&nbsp;&nbsp;&nbsp;&nbsp;&nbsp;&nbsp;&nbsp;&nbsp; *조정 문제로서의 경제학*

그 케인즈적 내용으로부터 언급하였다.¹¹ 클라워는 신-왈라시안 일반균형 이론의 기본적 성질들이 케인즈적 소득 제약 과정을 배제한다고 주장하였다. 왈라시안 경제학에서 신고전파 경제학은 균형 상태만을 다루기 때문이다.¹²

1930년대와 1940년대 내내 하이에크는 경제 연구에 관한 새롭게 형성되던 전문직업적 합의에 대한 주요한 비판자였다. 특히 그는 경제학의 이론적 명제들을 잠재적으로 경험적인 요소들로부터 분리하고, 경제 분석의 분류론적 명제들을 분리하려 하였다. 그는 경제 이론을 정태적 분석의 발전에 한정시키려는 경향이 불균형 조건을 다루는 것을 불가능하게 만들 것이라고 주장하였다. 그의 주장은 종종 경제학자들의 불균형 상태에 대한 편의적 취급에 대해 당대에 앞선 비판을 예고하였다.

마셜 경제학은 1930년대까지 영국, 특히 케임브리지에서 지배적이었다. 런던정치경제대학원의 독립적인 사상가들과 성상파괴자들은 마셜에 열광하지 않았다. 라이오넬 로빈스(Lionel Robbins)는 ""모든 것은 마셜 속에 있다!""고 끊임없이 주장하는 케임브리지에 대한 원한을 기록하였다. 케임브리지는 경제학에서 ""왕의 언어"" 이외의 언어로 된 발전을 일반적으로 무시하면서 ""외국"" 지적 영향에 거의 난공불락인 듯 보였다.¹³

아마도 런던 학파의 이론적 전통의 결여는 왈라시안(그리고 파레토 경제학) 경제학, 즉 힉스와 하이에크의 스승인 리오넬 로빈스에 의해 처음 도입되고 후에 하이에크에 의해 도입된 오스트리아 경제학의 소개 거점이 된 것으로 이어졌다. 왈라시안 경제학은 경제학의 일반적인 격변 속에서 부활하였으나, 이 아이디어들 중 다수는 특히 런던 학파에서 ""공기 중에 있었다.""¹⁴ 수요 분석에 대한 힉스의 개정은 그 당시보다 훨씬 더 광범위한 결과를 가져왔다.

왈라스는 기존 시장에서의 과정을 어디에서도 서술하지 않았다. 일반균형에 관한 그의 이론은 골격 구조물에 불과한데, 그 목적이 실제 시장 행동을 분석하는 것이 아닌 다른 것이었기 때문이다. 반면 마셜은 경쟁적 시장 과정의 분위기를 그대로 간직하였다. 왈라스의 절차는 반드시 마셜이 선택한 것보다 덜 수용 가능한 것은 아니다. 논리적으로 엄밀한 방식으로(또는 ""수학적"" 방식으로) 투영하는 데 있어

---"
29,source-029.png,"*조정 문제* &nbsp;&nbsp;&nbsp;&nbsp;&nbsp;&nbsp;&nbsp;&nbsp;&nbsp;&nbsp;&nbsp;&nbsp;&nbsp;&nbsp;&nbsp;&nbsp;&nbsp;&nbsp;&nbsp;&nbsp;&nbsp;&nbsp;&nbsp;&nbsp;&nbsp;&nbsp;&nbsp;&nbsp;&nbsp;&nbsp;&nbsp;&nbsp;&nbsp;&nbsp;&nbsp;&nbsp;&nbsp;&nbsp;&nbsp;&nbsp;&nbsp;&nbsp;&nbsp;&nbsp;&nbsp;&nbsp;&nbsp;&nbsp;&nbsp;&nbsp;&nbsp;&nbsp;&nbsp;&nbsp;&nbsp;&nbsp;&nbsp;&nbsp;&nbsp;&nbsp;&nbsp;&nbsp;&nbsp;&nbsp;&nbsp;&nbsp;&nbsp;&nbsp;&nbsp;&nbsp;&nbsp; 19

방식으로) 경쟁 체제의 균형 조건을 표현하기 위해, 왈라스는 의도적으로 다수의 ""허구""(""허위 수량""의 생산을 방지하기 위한 것이기도 한)에 의존하였다.¹⁵ *부르스*(Bourse)의 효율성에 대한 그의 요약적 언급들은 시장이 어떻게 작동하는가에 대한 실제 이론이라기보다 시장에 대한 *믿음*의 표현에 가깝다. 즉 시장이 충분한 신속성으로 반응하여 관찰된 부족과 잉여가 속도의 조정에 의해 제거될 것이며, 경쟁적 균형의 달성을 가로막는 것은 아무것도 없다는 믿음이다.¹⁶

하이에크의 형식 이론에 대한 견해의 본질과 특성을 서술하기 위해 하이에크를 형식 이론에 대한 공격으로 묘사하는 것은 올바르지 않을 것이다.¹⁷ 왈라스는 그 목적을 위해 자신의 이론적 구조물을 필연적으로 간소화하였다. 그의 목적을 고려할 때, 단기 시장 행동의 문제들은 무시되었다. 왈라스는 경제 이론에 수학적 분석을 적용하는 데 있어서만 혁신가가 아니라 일반균형 개념을 도입하는 데 있어서도 혁신가였으며, 고전적 구조물 전체의 재구성을 수반하는 불균형 이론의 구성은 그러한 선구적 작업에서 합리적으로 기대될 수 있었던 것보다 훨씬 더한 것이었을 것이다.

하이에크는 자신의 동시대인들이 일반균형 이론에 내재된 ""허구""와 한계에 항상 주의를 기울이지 않으며, 균형 이론과 균형으로의 접근 이론을 혼동하여 혼란스러운 진술들을 만들어내는 경향이 있다고 믿었다.¹⁸ ""이러이러한 것이 사실이다""라고 단언하는 것은 시장에서 실제로 *무슨 일이 일어나는가*에 대한 이론을 구성하는 것이 아니다. 실제로, 그 단언은 조정 과정을 분석하는 대신 다른 문제에 집중하기 위한 방편일 수도 있다.

---

## 순수 선택 논리에 관한 하이에크

하이에크는 형식 경제 이론의 발전에 수학을 사용하는 것에 반대하지 않았다. 실제로 그는 소비자 선택의 순수 이론을 수학적 형식화에 특히 쉽게 적용될 수 있는 기본적인 논리 체계로 다루었다. 그는 이론을 형식화하는 목적이 때때로 잊혀진다고 주장하였다.

경제 이론을 보다 형식적으로 만들려는 최근의 경향에 대한 나의 비판은

---"
30,source-030.png,"20 &nbsp;&nbsp;&nbsp;&nbsp;&nbsp;&nbsp;&nbsp;&nbsp;&nbsp;&nbsp;&nbsp;&nbsp;&nbsp;&nbsp;&nbsp;&nbsp;&nbsp;&nbsp;&nbsp;&nbsp;&nbsp;&nbsp;&nbsp;&nbsp;&nbsp;&nbsp;&nbsp;&nbsp;&nbsp;&nbsp;&nbsp;&nbsp;&nbsp;&nbsp;&nbsp;&nbsp;&nbsp;&nbsp;&nbsp;&nbsp;&nbsp;&nbsp;&nbsp;&nbsp;&nbsp;&nbsp;&nbsp;&nbsp;&nbsp;&nbsp;&nbsp;&nbsp;&nbsp;&nbsp;&nbsp;&nbsp;&nbsp;&nbsp;&nbsp;&nbsp;&nbsp;&nbsp;&nbsp;&nbsp;&nbsp;&nbsp;&nbsp;&nbsp;&nbsp;&nbsp; *조정 문제로서의 경제학*

그것들이 너무 형식적이라는 것이 아니라, 그것들이 이 학문 분야의 고립을 완성하기 위해 충분히 멀리 나아가지 못했으며, 수학이 동일한 방식으로 사용되는 도구인 인과적 과정의 탐구에 형식 경제 이론을 도구로 사용하는 데까지 이르지 못했다는 것이다.²⁰

그의 반대는 정태적 이론의 점진적 세련화가 아니라 정체적 균형 문제에 대한 ""과도한 집착""에 있었다.²¹ 이 집착은 경제 활동의 조정에 대한 관심의 결여를 가져왔다. 하이에크의 비판은 덜 강경하고 보다 간결하지만, 케인즈의 A. C. 피구(A. C. Pigou)에 대한 공격과 유사하였다. 실제 시장 경제가 문제를 ""해결""할 때 논리적 함의의 의미에서 ""논리적 함의""를 사용한다고 가정하는 것은 올바르지 않다. 모든 지식이 설명하는 경제학자들에게 주어진 것으로 가정하는 것과 동일한 방식으로 그것이 단 한 사람의 정신에 주어진다고 가정하는 것은 문제를 사라지게 만들고 실제 세계에서 중요하고 의미 있는 모든 것을 무시하는 것이다.²²

불균형 또는 조정 행동의 분석은 기대의 요소를 수반한다. 1920년대와 1930년대에 이 주제에 대한 관심은 불완전한 정보와 불균형의 문제들과 기대의 문제들 사이의 관계를 시사한다. 두 미국인, 어빙 피셔(Irving Fisher)와 프랭크 H. 나이트(Frank H. Knight)가 기초를 다졌다. 하이에크는 자신의 스승인 루트비히 폰 미제스(Ludwig von Mises)의 연구를 바탕으로, 스웨덴 경제학자 군나르 뮈르달(Gunnar Myrdal)과 에릭 린달(Erik Lindahl)의 공헌을 독일 독자와 영어권 독자 모두에게 소개하였다.

경제 이론의 이 흐름은 지속되지 않았다. 제2차 세계대전 이후 기대에 대한 관심은 사라졌다. 기대와 불완전한 정보의 요소들은 가설로부터 제거되었다. 그 결과, 경제학은 실증적 내용(그리고 어떤 케인즈적 내용)을 결여하게 되었으며, 현실 세계에서 균형이 달성되는 조건에는 거의 고려가 이루어지지 않았다. 경제 이론의 이 약점은 하이에크를 완전경쟁 모형(특히 완전경쟁 모형)의 경제 모형에 대한 보다 상세한 분석으로 이끌었다. 왜냐하면 (지금의) 정통 경제 패러다임의 본질적 윤곽이

---"
31,source-031.png,"# 조정 문제 (The Coordination Problem)

21

1930년대 후반에 이미 명백히 드러났으며, 그의 비판적 분석은 오늘날에도 특히 적실성을 지닌다.

오늘날 널리 인식되듯이, 완전경쟁 이론은 균형에 도달하기 위해 필요한 조정 과정을 무시한다. 또한 이 이론은 (매우 까다로운 가정들이 없는 한) 그러한 상태의 달성을 보장하지도 않는다. 완전경쟁 이론은 제약이 있는데, 왜냐하면 그것이 균형 가치만을 정의할 뿐이기 때문이다. 이른바 신-왈라스적 가치 및 가격 이론은 균형 이론이라 불릴 수 있다. 최근의 연구는 경제 이론을 불균형 상황으로 확장하려는 시도를 해왔다.²² 하이에크의 초기 문제 진단은 대체로 무시되어 왔다. 그러나 그의 진단을 고려해 보면, 한편으로는 시장 조정 이론의 발전을 가속화했을 것이고, 다른 한편으로는 균형 모델을 기반으로 이러한 이론들을 기본적으로 발전시키려는 지적 막다른 골목을 피하는 데 도움이 되었을 것이다.

""경쟁적 사례""를 예시로 들어, 하이에크는 경제 이론의 표준 가정들을 고려하였다:

1. 시장에서 거래하는 모든 참여자들이 관련 사실에 대해 완전한 지식을 보유하는 것
2. 자유 진입 — 즉, 자원과 가격의 이동에 대한 인위적 제약이나 제한의 부재
3. 가격에 어느 정도라도 영향을 미칠 것으로 기대하는 사람이 없을 정도로 많은 수의 잠재적 판매자 및 구매자에 의해 동질적인 상품이 공급되고 수요되는 것²³

하이에크는 이 접근 방식에 대해 다음과 같이 논평하였다:

> 우리가 모두가 모든 것을 안다고 가정할 때 아무 것도 해결되지 않으며, 진정한 문제는 이미 존재하는 지식을 가능한 한 많이 활용하는 방법이라는 것이 분명해질 것이다. 이는 가장 잘 아는 사람을 '찾는' 방법이 아니라, 특정 과업에 적합한 지식을 보유한 미지의 사람들이 시스템에 유인되기 위해서는 어떤 제도적 장치가 필요한지에 관한 것이다.²⁴

세계의 경제학자들이 겉으로는 연구하는 것은 경쟁 과정의 작동이다. 그러나 표준적인 가정들은"
32,source-032.png,"# 조정 문제로서의 경제학 (Economics as a Coordination Problem)

22

가격 이론의 이 경쟁적 과정에 적용된다. 경제가 장기 균형 상태에 있다고 가정하는 것이 때로는 유용하지만, 시장 과정에 대한 연구는 그 과정이 완결된 것으로 가정한다면 어디에도 이르지 못한다. 핵심은 경쟁 이론에서 처음부터 존재하는 것으로 가정되는 광범위한 지식의 분산과 자유 진입이라는 제도적 장치를 발견하는 것이다.

경제학을 경쟁하는 목적들 사이의 희소한 수단의 배분을 연구하는 학문으로 정의한 라이오넬 로빈스의 해석이 미친 영향은 아무리 강조해도 지나치지 않다. 비록 그가 그의 『에세이』²⁵ 출판 이후의 경제학 표류에 대해 책임을 진다고 하기 어렵지만 말이다. 그러나 로빈스식 극대화에만 배타적으로 집중함으로써, 경제학자들은 시장 과정에 대한 탐구를 다소 소홀히 해왔다.²⁶ 커즈너에 따르면,

> 경제화, 극대화, 또는 효율성 지향적인 이 분석적 비전은 시장 참여자들 개개인이 주어진 목적과 수단에 관하여 결정을 내리며, 각자 주어진 목적과 수단에 대해 의사결정을 행한다고 보는 것이 현저히 오도된 것이다. 이는 시장을 다수의 경제화하는 개인들의 집합체로 보는 시각이며, 내 견해로는 이것이 균형 상황에 대한 해로운 배타적 강조를 낳는 원인이다. …… 외생적 조건의 도입 없이 각자 주어진 목적과 수단에 관하여 의사결정을 행하는 다수의 경제화하는 개인들은 시장 과정(참여자들이 이용 가능한 수단의 체계적으로 *변화하는* 시리즈를 수반하는 것)을 생성한다.²⁷

이 비판에서 커즈너는 하이에크의 선례를 따랐다. 하이에크는 경쟁 이론의 첫 번째 가정, 즉 완전 지식에 집중하였다. 기회에 대한 지식이 ""주어져 있다""고 말할 때, 경제학자들은 그 지식이 *누구에게* 주어지는지를 명시하지 못하고 있다.

하이에크가 관찰한 바에 따르면:

> 데이텀(datum)은 물론 어떤 주어진 것을 의미하지만, 사회과학에서는 이 단어가 두 가지 서로 다른 답변을 줄 수 있는 질문과 관련될 수 있다. 경제학자들은 사실들이 관찰하는 경제학자에게 주어지는 것으로 가정하는 경향이 있으며, 이 시점에서 그들이 사실을 알지 못했다는 느낌을 무의식적으로 가져온 것처럼 보인다. 그리고 그것은 그들이 실제로"
33,source-033.png,"# 조정 문제 (The Coordination Problem)

23

""주어진 데이터""와 같은 동어반복적 표현을 사용함으로써 그것들이 주어진 것이라는 사실이 답해지지 않은 채로 남아 있다는 것이다. 그러나 이것은 사실들이 관찰하는 경제학자에게 주어지는 것인지 혹은 경제 체계 내의 사람들에게 주어지는 것인지라는 질문에 답하지 않으며, 또한 그들이 설명하려는 사람들에게, 후자의 경우에는 모든 다양한 사람들에게 동일한 사실이 알려지는지 혹은 ""데이터""가 각기 다른 사람들에게 다른 것인지에 대해서도 답하지 않는다.²⁸

""완전한 지식""을 상정한 이후, 경제학자들은 ""경제적 문제""로 지칭되는 것으로 나아간다. 모든 관련 정보 — 주어진 가치, 선호, 예술의 상태 — 는 ""알려진"" 것으로 처리된다. 이 문제에 대한 해결책 — 희소하지만 알려진 목적들 사이의 자원 배분 — 은 경험적인 것이 아니라, ""순수 논리의 문제""일 뿐이다. …… 그 질문에 대한 답은 …… 우리의 가정에 함축되어 있다.²⁹ 이러한 가정들의 도움을 받아 수행된 분석은 예측 가능한 결과를 낳는다.

이 맥락에서 중요한 고려 사항은 경제학에서 *균형(equilibrium)*이라는 용어의 사용이다. ""균형""이라는 단어를 일상적인 의미로 사용하면, '움직임의 부재'를 내포하며, 이는 *시장이 균형에 있다*는 것이 *시장 가격과 거래량이 시간에 걸쳐 고정되어 있는 경우에만* 성립한다고 말하는 것이다.³¹ 정보 구조는 그러한 처리에 암묵적으로 포함되어 있다. 모든 시장이 균형 상태에 있다는 것은 다수의 이질적인 거래자들의 계획이 서로 양립 가능함을 의미한다.³² 그렇다면 계획들의 상호 양립 가능성에 대한 요건은 무엇인가? 하이에크에 따르면, ""균형이라는 개념은 단지 사회의 여러 구성원들의 예측이 상호 양립 가능하다는 것을 의미하는 것으로 보인다.""³³

완전하고 완벽한 예측 능력은 극히 가능성이 낮다.³⁴ 분권화된 의사 결정에 있어서, 각 거래자는 자신의 정보를 바탕으로 다른 모든 거래자들의 *계획된* 행위를 고려해야 한다. 개인이 모든 *객관적* 조건(기술, 자원 등)에 대한 완전한 지식을 갖는 것만으로는 충분하지 않다. 원래 시장 참여자들에게 ""주어진"" 것으로 가정되었던 것은 각 거래자의 마음속에만 존재하는 객관적 조건에 관한 정보 — *그것도 오직 그 사실만* — 였다. 그러나 이제 완전한 지식이란 다른 이들이 무엇을 할 것인지에 대한 완전한 예측 능력을 포함하는 것으로 인식된다."
34,source-034.png,"# 조정 문제로서의 경제학 (Economics as a Coordination Problem)

24

제한된 정보. 왈라스식 일반균형 이론은 겉으로는 분권화된 의사결정에 관한 것처럼 보이지만, 실제로는 단일한 계획자의 맥락에서만 의미를 가진다. 전체 분석은 시장 경제보다 중앙 계획 체계에 더 적합하다. 하이에크는 문제의 변화가 아무도 원래 문제에 대한 ""해결책""이 사실 원래 문제에 대한 해결책이 아니라 완전히 새로운 문제에 대한 해결책임을 깨달을 가능성을 최대화하는 방식으로 이루어졌다고 말하였다.³⁵

완전한 지식은 정확한 예측을 의미한다. 그러나 하이에크가 말한 바와 같이:

> 정확한 예측이란, 때때로 이해되어온 것처럼, 균형 상태가 도달되었다는 것이 아니다. 그것은 오히려 균형 상태의 특성을 규정하는 것이다.³⁶

균형의 달성은 조정의 문제이다. 그러나 이 문제는 순환 논리적인 방식으로 제기되어 왔다:

> 만약 사람들이 모든 것을 알고 있다면 그들이 균형 상태에 있다는 주장은, 이러한 의미에서의 완전 시장에 대한 가정이 단지 균형이 존재한다고 말하는 또 다른 방식일 뿐이며, 언제 그리고 어떻게 그러한 상태에 이르는지에 대한 설명에는 조금도 가까이 가지 못한다는 것을 의미한다.³⁷

가격 체계와 시장에 관한 하이에크의 에세이들은 경제 체계와 동태적 과정에 관한 모든 미래 연구에 대한 서론과 같다. 이 에세이들은 인정하건대 보다 현대적인 연구 기법을 보다 적극적으로 활용하는 저작들에서 종종 결여되어 있는 박식함과 깊이를 보여준다. 이 에세이들은 경제적 문제를 진행 중인 사회적 과정으로 바라보는 시각을 보여주며, 나아가 경제적 변동에 관한 하이에크의 연구에 대한 이론적 토대를 드러내고, 현재 미시 경제학과 거시 경제학으로 나뉜 분야에서의 그의 사상의 연속성을 밝혀준다. 경제학을 개인 간 조정 문제 연구로 보는 그의 구상은, 그의 에세이 ""경제학과 지식,"" ""사회에서 지식의 활용,"" 그리고 ""경쟁의 의미""에서 그 어느 곳보다도 뚜렷이 나타난다.³⁸"
35,source-035.png,"# 조정 문제 (The Coordination Problem)

25

## 정태성과 균형 (STATIONARITY AND EQUILIBRIUM)

""주어진 지식""이라는 가정 뒤에는 완전경쟁 모델에 있어서 또 하나의 중요한 가정이 숨어 있다. 그것은 정태성(stationarity)의 개념이다. 시장이 정태적 균형에 도달한다는 가정은, 특정 순간에 발생하는 변화의 범위에 관한 추가적인 경험적 가설을 포함한다. 하이에크가 구상한 발전된 경제에서, 사업가는 끊임없이 변화하는 조건 속에서 가격이 비용을 초과하지 않도록 유지하는 데 지속적으로 고투한다. 하이에크는 다음을 주목하였다.

> 비효율적인 관리자가 이익의 격차를 소멸시키는 것이 얼마나 쉬운지를, 매우 다양한 종류의 비용으로 생산하는 데 공통 시설을 활용함으로써, 경제학의 학습에서 경제학자에게 동등하게 친숙하지 않은 것처럼 보이는 사업 경험의 흔한 사례들로.³⁹

하이에크의 견해와 대조적으로, 슘페터식 견해는 기업가의 주의를 끌도록 요구하는 혁신의 ""군집""이 시간을 두고 반복적으로 나타나는 것이다. ""정상적"" 조건은 통상적인 정태적 균형 구성에 해당한다.⁴⁰

경쟁이라는 용어에 대한 해석을 정교하게 다듬으면서, 하이에크는 ""경쟁은 본질적으로 동태적 과정이며, 그 본질적 특성들은 정태적 분석의 가정들에 의해 배제된다""고 말하였다.⁴¹ 정태적 분석의 맥락에서 경쟁의 개념은 결국 ""모든 경쟁 활동의 부재""를 의미하는 것으로 귀결되며, 이는 정태성의 가정을 받아들여야 한다.⁴²

정태적 조건의 가정은 명시적이든 묵시적이든 다양한 형태로 등장한다. 하이에크는 이 가정에 대한 광범위한 믿음을 기능적 가격 체계의 존재 없이도 합리적 배분이 가능하다는 믿음과 연결 지었다.⁴³ 구체적으로, 정태적 비용 이론은 동태적으로 변화하는 데이터에 적용될 때 배분 문제에 훨씬 덜 적합하다. 시장 과정은 끊임없는 조정을 수반한다. 중요한 정보는 *다른* 거래자들의 계획된 행동들로 구성된다. 비용은 일시적이며, 이윤은 항상 존재한다.⁴⁴ 자본은 동일한 종류나 동일한 가치의 자본으로 대체되는 경우가 드물다. 수익은"
36,source-036.png,"26 *조정 문제로서의 경제학*

기존 자본의 소유자들은 준지대(quasi-rents)를 수취하며, 회계 절차가 자산의 암묵적 재평가를 반영하는 한 이자율과 명확한 관계를 갖지 않는다. ""레너 규칙(Lerner Rule)""이 적용 불가능할 세계가 바로 그런 세계이다.⁴⁵

시장 집중도가 서로 다른 산업들 간 수익률 차이의 주장은 의문시되어 왔다. 일부는 계산된 수익률이 단순히 ""회계상""의 수치에 불과하며 경제적 의미가 없다고 묻기도 했다. 그러나 비용 이론 문제에는 충분한 관심이 기울여지지 않았다. 경제학자들은 실무에서 이론적 구성물(즉, 일반 균형)을 사실의 진술로 혼동하거나, 정태적 조건을 가정하는 경향이 있다.⁴⁶

이론의 응용에서 발생하는 또 다른 어려움은 사전에 부과된 정태적 조건으로부터 비롯된다.⁴⁷ 그러나 우리에게 중요한 핵심은, 정태 상태나 균형 관점을 단기 불균형의 거시경제 이론으로 이전하는 것이 불가능하다는 점이다.

---

## 시간에 걸친 가격과 균형

""균형""의 의미는 단일 거래자의 계획에 대한 준거를 통해 이해될 수 있다: 그의 계획들이 상호 일관적이라는 것이다.⁴⁸ 그렇다면 상이하고 개별적인 의사결정자들의 계획이 어떻게 서로 일관성을 갖게 되는가? 하이에크(Hayek)는 이러한 양립 가능성이 ""분업""과 같은 방식으로 출현하는 경향성에 대해 말해야 한다고 제안했는데, 그러나 전자는 ""완전히 무시""되어 온 반면, 후자는 사회과학으로서의 경제학의 진정한 핵심 문제로 나에게는 보인다.⁴⁹ *""지식의 분할""*은 적어도 ""분업""만큼이나 중요하다.⁵⁰

우리가 해결하려는 문제는, 각자 비용·가격 등에 관련된 약간의 지식만을 보유한 다수의 사람들 사이의 자발적 상호작용이, 그 모든 개인들의 결합된 지식을 보유한 누군가의 의도적 지시에 의해서만 실현될 수 있는 상태를 어떻게 만들어낼 수 있는가이다.⁵¹

추론의 사슬에서 빠진 고리는, 결정들을 더 긴밀한 대응 관계로 이끄는 경향이 있는 메커니즘이다: 바로 가격 체계이다. 하이에크는 고전적인 비유로, ""우리가 그 진정한 기능을 이해하고자 한다면 가격 체계를"
37,source-037.png,"*조정 문제* 27

정보 전달 메커니즘으로 바라봐야 한다""고 제안했다.⁵² 가격 체계는 조정 문제 연구에서 주목해야 할 메커니즘이다.

하이에크가 가격 체계에 특히 주목하게 만드는 것은 그것이 작동하는 방식의 ""지식의 경제성(economy of knowledge)""이다. 그것은 ""경이(marvel)""에 다름 아니다:

> 경이로운 점은, 하나의 원자재가 희소해지는 상황에서, 그 원인을 아는 사람이 한 줌도 안 되더라도—개인의 신원을 수개월의 조사로도 확인할 수 없는—수만 명의 사람들이 올바른 방향으로 움직이도록, 즉 더 아끼고 그 대안이나 대체재를 더 활용하도록 유도된다는 것이다. 이것은 끊임없이 변화하는 세계에서, 이익률이 동일하거나 ""정상"" 수준으로 유지될 것이라는 보장 없이도, 모두가 동시에 적중하지는 못하더라도 충분히 경이롭다.⁵³

가격 체계는 거래자들 사이에서 정보를 경제적으로 전달하는 수단이다: 그것은 변화하는 객관적 조건과 거래자들의 반응 모두에 대한 정보를 생성한다.⁵⁴ 가격 체계는 이러한 변화들의 효과와 이에 대한 거래자들의 반응을 등록한다. 가장 중요하게, 가격 체계는 시장 참여자들의 끊임없이 변화하는 기대를 등록하는 메커니즘이다—비록 부정확하더라도—이것이 가격 체계가 자원 배분의 가능한 가장 저렴한 체계라는 주장의 근거이다.

가격은 *본래 미래 지향적(inherently future oriented)*이다. 왜냐하면 시장에서의 모든 행위는 *사실상(ipso facto)* 기대를 수반하기 때문이다. 행위는 시간의 맥락을 제외하고는 불가능하며, 따라서 행위는 *어떤* 기대의 형성을 수반한다.⁵⁵ 행위는 계획의 실행이다. 선물 시장이 없기 때문에 시장 체계는 효율적이지 않다고 주장하는 것은 핵심을 놓치는 것이다. 만약 가격에 모든 시장 참여자들의 기대가 반영된다면, 그 기대들은 모두를 위해 해석을 위한 준거로 반영되는 것이다.⁵⁶

계획의 일관성은 정태성이라는 허위 가정에 의존하지 않는다. 오히려 메커니즘이 얼마나 잘 기능하는지, 어느 정도까지, 그리고 어떤 방식으로"
38,source-038.png,"28 *조정 문제로서의 경제학*

거래자들이 변화를 예측하게 되는지에 초점을 맞춘다. 그러나 조정 메커니즘의 실패에 대한 의미 있는 분석이 이루어지기 전에, 그 메커니즘이 수행해야 할 조건들을 분석해야 한다: ""사람들이 왜 실수를 범하는지 설명하기 전에, 그들이 그토록 자주 옳아야 하는 이유를 먼저 설명해야 한다.""⁵⁷ 일단 완전한 시장 조정이 매 행위자의 다른 모든 행위자의 계획에 대한 완전한 지식을 포함함을 인식하면, ""불완전한"" 조정이 사실상 사람들이 서로 다르다는 필연적 결과로서 이해된다. 그러한 언어에 매료된 사람들이 설명해야 할 것은 왜 개인적 차이의 불가피한 결과들이 ""불완전성""이라 불려야 하는가이다. 우리 모두가 똑같은 세계가 완전성(perfection)인가?

사회주의 계산 논쟁에서, 하이에크는 시장 체계가 상대적으로 저렴한 통신 네트워크를 갖추고 있어 자원 배분의 가능한 최선의 방법이라고 주장했다. 그의 조정 문제에 관한 연구에서, 하이에크는 이번에는 순환적 변동들이 작동하는 체계—즉 *작동해야* 하는 체계—에서의 주기적 붕괴를 설명하기 위해 조정 문제에도 초점을 맞추었다. 이 모든 연구를 통해 그는 ""경제 문제""에 대한 자신의 구상을 조정 문제로서, 그 분석에 ""논리적 함의(logical implication)"" 방법이 적절한 도구로 유지해왔다.⁵⁸

---

## 주석

1. Imre Lakatos, ""과학적 연구 프로그램의 방법론(Methodology of Scientific Research Programmes),"" in *Criticism and the Growth of Knowledge*, ed. Imre Lakatos and Alan Musgrave (Cambridge: Cambridge University Press, 1970), pp. 174-75.

2. ""왈라시안(Walrasian)""이라는 용어는 J. R. Hicks, ""A Neo-Austrian Growth Theory,"" *The Economic Journal* 89(June 1970): 257-58에서 차용한 것이다.

3. ""현대의 경제학자들이 화폐와 가격에 대한 일반이론을 세우기 위해 왈라시안 기반 위에 경제 현상의 모델을 구축하려는 시도는, 물물 교환 경제의 고전적 이론을 놀랍도록 상기시키는 것이다"" (R. W. Clower, ""화폐 이론의 기초(Foundations of Monetary Theory),"" in *Monetary Theory*, ed. idem [Baltimore: Penguin Books, 1970], p. 202). Clower는 특히 Oskar Lange, Don Patinkin, J. R. Hicks, Paul Samuelson의 연구를 언급했다. 나는 학설사 논쟁을 피하기 위해 ""신-왈라시안(neo-Walrasian)""을 채택했다."
39,source-039.png,"# 3

# 화폐 이론

> 로크(Locke) 씨는... 화폐의 풍요가 모든 것을 비싸게 만든다는 것을 명확히 보았으나, 그것이 어떻게 작동하는지는 고려하지 않았다. 이 문제의 핵심적인 어려움은 화폐의 증가가 가격을 어떤 비율로, 어떤 방식으로 올리는지를 아는 데 있다. (리샤르 캉티용(Richard Cantillon), *상업의 본질에 관한 일반론(Essai sur la nature du commerce en général* [1755])

---

## 화폐 이론과 신화폐수량설

1920년대와 1930년대의 활발한 화폐 논쟁 중 많은 부분이 화폐 이론의 영역에 속하는 문제들을 다루었는데, 여기에는 경기 변동에 대한 적절한 화폐적 설명이 무엇인지의 문제가 포함된다. 이러한 논쟁들을 이해하기 위해, 우리는 당시와 현재의 화폐 이론의 개념 사이의 차이를 고찰해야 한다.

초기 논쟁의 참여자 중 많은 이들이 현대의 화폐 이론가들보다 더 광범위한 화폐 이론의 개념을 가지고 있었다. 화폐 이론가들 사이에서 관심의 범위가 좁아진 것은 부분적으로 케인즈 혁명에 기인한다. 케인즈 이후 화폐 이론은 탐구의 독립된 영역으로서의 관심을 잃게 되었다. 어느 정도는, 유동성 함정과 *일반이론*의 다른 구절들에 대한 케인즈적 해석이 통화 정책의 효과성 전체에 대한 의구심을 불러일으켰기 때문이다.¹ 마찬가지로, 경기 순환 이론과 같은 관련 분야에서의 연구도 쇠퇴하였으며, 이 분야에서 화폐 이론가들은 항상 활발한 관심을 가져왔었다.

그러나 해리 존슨(Harry Johnson)에 따르면, 화폐 이론에서의 활동은 1962년경에 다시 번성하기 시작했다.² 신화폐 이론가들에 대한 관심이 높아졌다. 이 이론가들은 탐구 범위를 세 가지 광범위하지만 상호 연관된 영역으로 제한했다: 화폐 수요 분석, 화폐 공급량(또는 화폐 공급 함수)의 결정, 그리고 총명목소득의 결정.² 다음과 같은 문제들은

35"
40,source-040.png,"36 *조정 문제로서의 경제학*

패틴킨(Patinkin) 논쟁에서 제기된 것들—화폐의 장기적 중립성과 관련된 문제들—은 일반적으로 폐기되었다.³

밀턴 프리드먼(Milton Friedman)의 1956년 화폐수량설 재정립 논문은 화폐 이론에 대한 관심 부활의 이정표가 되었다.⁴ 그의 화폐수량설 공식화는 이후 연구의 흐름에 큰 영향을 미쳤는데, 화폐 이론의 범위를 사실상 재정의함으로써 화폐 이론 내에서 좁은 범위의 문제들에 성공적으로 집중시키고, 다른 문제들을 소홀히 하도록 장려했다.⁶

프리드먼은 화폐수량설에 대한 자신의 개념을 다음과 같이 표현했다: ""화폐수량설은 일차적으로 화폐의 *수요*에 관한 이론이다. 그것은 산출의 이론도, 화폐 소득의 이론도, 가격 수준의 이론도 아니다.""⁷ 그는 다음과 같이 언급했다: ""화폐 소득의 결정에 대한 완전한 모델을 갖추기 위해서는 이자율 구조, 실질 소득, 그리고 가격 수준에서의 조정 경로의 결정인자들을 명시해야 할 것이다.""⁸ 그러나 이자율과 실질 소득이 화폐의 수요와 공급 이외의 힘에 의해 결정된다면, 프리드먼의 재정립은 화폐 소득의 균형 수준에 관한 이론을 낳는다—그의 원래 부인에도 불구하고.⁹

프리드먼은 연속적인 재정립에서 일관되게 명목 소득의 결정(단기적으로)을 화폐 이론의 핵심 목표로 다루었다.¹⁰ 더욱이, 명목 소득 변동의 분석은 초과 화폐 수요의 효과라는 측면에서 이루어진다.¹¹

신화폐수량설 비판자들은 스스로를 ""화폐 이론가(monetary theorists)""라고 부르기를 꺼리는 경향이 있다. 이 경향은 신화폐수량설적 설명을 *바로 그* 화폐적 설명으로 받아들이는 것을 의미한다. 현대의 화폐주의자들(monetarists)은 스스로를 어떻게 불러야 할지 딜레마에 처해 있다.¹² 화폐 이론에 관한 현대적인 공식 정의들 역시 이러한 성향을 반영한다.¹³

사실, 화폐주의자들은 힉스(Hicks)의 유명한 ""화폐 이론 단순화를 위한 제안(Suggestion for Simplifying the Theory of Money)""을 따르고 있다.¹⁴ 힉스의 제안이 화폐 이론의 변화를 촉발했다고 주장할 수 있다. 그러나 종종 그렇듯, 새로운 아이디어가 제안된 후 힉스의 접근법 구현은 더뎠다.

화폐에 대한 수요·공급 분석, 혹은 명목 소득의 결정 이상의 것이 화폐 이론에 있지 않은가? 그렇다면"
41,source-041.png,"# 화폐 이론 (The Monetary Theory)

37

제1차 세계대전 이후의 화폐 이론(구체적으로는 화폐수량설)은 화폐에 대한 초과 수요의 효과를 지나치게 강조한다는 비판을 받았다. 하이에크를 비롯한 학자들에 따르면, 경제학자들이 화폐수량설의 분석을 단기적인 경기 변동에 유의미하게 적용하는 데 실패한다면, 화폐 교란의 중요한 현상들을 간과하게 된다는 것이다.

화폐 이론이 20세기 초 화폐 이론가들에게 나타난 모습을 이해하기 위해서는 역사적 배경을 파악하는 것이 필수적이다. 화폐수량설에 대한 하이에크의 비판은 구 수량설의 성격이 제대로 규명된 이후에야 비로소 의미를 갖게 된다. 그리고 신(新)수량설이 구 수량설의 핵심적 특징을 유지하는 한, 하이에크의 비판은 오늘날에도 더욱 큰 타당성을 지닌다.

하이에크는 영국의 초기 화폐 이론가들과 크누트 빅셀(Knut Wicksell) 및 루트비히 폰 미제스(Ludwig von Mises)가 놓은 토대 위에 자신의 화폐 이론을 구축하였다. 하이에크 화폐 분석의 특수한 단기적 성격은 중요한 의미를 지니며, 그의 ""화폐의 중립성(neutrality of money)"" 개념 사용 역시 마찬가지이다. 이제 세기 초의 상황과 당시의 화폐 이론으로 시선을 돌려보기로 하자.

---

## 화폐수량설 (THE QUANTITY THEORY)

19세기 말, 빅셀은 화폐수량설이 화폐에 관한 유일한 ""특정"" 이론이라고 결론 내렸다. 빅셀에게 있어 그것을 특정하는 요소는 바로 *비례성(proportionality)* 의 정리—화폐량과 화폐 한 단위의 구매력 사이의 고유한 관계, 즉 화폐량의 변화가 궁극적으로 상품 가격 변화에 정비례한다는 주장—였다. 이를 화폐수량에 관한 변화로 표현하면 다음과 같다:

그러나 다른 모든 상품에 대해 공급 증가가 그 교환 가치를 하락시키는 경향이 있는 것은 사실이지만, 화폐가 그러한 경향을 나타내는 것에 특이한 점은 없으며, 화폐 자체에 특이한 점도 없다. 화폐수량설의 특수성은 화폐량과 상품 가격 사이에 요구되는 비례성에 있다.¹⁵"
42,source-042.png,"# 조정 문제로서의 경제학 (Economics as a Coordination Problem)

38

따라서 빅셀은 화폐수량설에 대한 ""논쟁 전체""가 궁극적으로 화폐 유통 속도가 자율적인지, 아니면 단순히 통화 시스템에서 종속적인 의미만 갖는지의 여부에 달려 있다고 주장하였다.¹⁶ 그러나 이 논쟁의 결과와 무관하게, 화폐수량론자들만이 체계적인 무언가를 가지고 있었다. 그는 화폐에 대한 대규모 유입에 대해 수량설이 기본적으로 정확하다고 생각하였으며, 이는 수량설이 처음 개발되었을 때의 논거와도 일치한다. 그러나 빅셀은 은행 신용 형태의 화폐 공급 증가 현상을 다룰 때 수량설을 보완할 필요가 있다고 생각하였다.

부정확성과 초점의 결여는 흔히 화폐수량설이 무엇인지에 대한 논의를 특징짓는다. 화폐수량설을 *다른 조건이 동일하다면(ceteris paribus)* 명제로 보면, 비례성 정리는 교환 방정식 *MV = PQ*에 담긴 정보를 언어적으로 표현한 것에 불과하다. 나는 수량론자들이 이 동어반복적 명제를 *오직* 주장하려 했는지 의심스럽다.³⁷ 빅셀은 수량설의 타당성 논쟁이 속도가 자율적인지 여부에 달려 있다고 제안했지만, 조지프 슘페터(Joseph Schumpeter)는 반세기 후에 화폐수량설을 네 가지 명제로 정의해야 한다고 제안하였다: (1) 화폐량은 가격과 거래의 물량에 대해 자율적이다; (2) 속도는 가격과 거래량 모두에 대해 자율적이다;¹⁸ (3) 실물 산출량은 화폐량과 무관하다; (4) *다른 조건이 동일하다면*, 화폐량의 변화는 ""변화가 처음 발생하는 방식과 무관하게"" 가격에 ""기계적으로 작용한다.""¹⁸ 이 변화가 처음 발생할 때 가격이 먼저 변동한다.

슘페터에 따르면, 이 극단적 형태의 화폐수량설을 발전시킨 유일한 ""주요 저술가들""은 존 위틀리(John Wheatley), 데이비드 리카도(David Ricardo), 제임스 밀(James Mill), 그리고 존 램지 맥컬로크(John R. McCulloch)였다.¹⁹ 슘페터는 여기서 빅셀이 비례성 정리라 부른 것의 배후에 있는 가정들을 보다 정확하게 진술하였다.

빅셀은 자신의 연구에서 소수의 저술가들만을 인용하였다. 그는 비례성 정리의 진술을 위해 주로 리카도와 J. S. 밀에 의존하였다. *원리(Principles)* 의 ""수요와 공급에 의존하는 화폐 가치"" 장에서 밀은 수량설의 비례성 버전을 간명하게 제시하였다."
43,source-043.png,"# 화폐 이론 (The Monetary Theory)

39

이론.²¹ 밀은 ""어떤 장소에 황금과 은이 묻혀 있는 보물이 도착하는"" 경우에서 출발하였다.²² 가격은 결국 일정한 비율로 상승하게 되는데, 독자는 ""이 가격이 바로 화폐량이 증가한 경우에 나타나는 가격과 정확히 일치할 것""이라는 말을 듣는다.²³ 리카도와 제임스 밀의 가르침은 한 세대 후 존 스튜어트 밀의 연구에서 분명하게 드러난다. 그러나 그 사이 시간 동안에는 너무 많은 일이 일어났다. 젊은 밀이 이 주제를 그냥 내버려 두도록 유도되었을 때, 그가 신용의 효과를 고려하게 되면서 앞서의 분석을 수정하게 된다.

유통 중인 화폐량에 대한 일반 물가 수준의 의존성에 관하여 우리가 제시한 명제는, 금이나 은이 모든 구매에서 실제로 손에서 손으로 전달되고 신용이 어떠한 형태로든 알려져 있지 않은, 화폐만이 교환 수단인 사태에만 적용된다는 것으로 이해되어야 한다. 화폐가 구매 수단으로 등장할 때—우리는 그때부터 유통 중인 화폐량과 가격 사이의 연결이 훨씬 덜 직접적이고 긴밀하며, 유통 총량의 변화에 그리하여 가격이 그처럼 단순한 방식으로 더 이상 종속되지 않음을 발견하게 될 것이다.²⁴

그는 ""우리 조사의 '속편'이 많은 자격 조건을 제시할 것이라고 결론지었다 … 영국처럼 복잡한 신용 시스템이 존재하는 경우 이 명제를 매우 부정확한 사실 표현으로 만드는 자격 조건들을.""²⁵

밀은 사실상 비례성 정리가 적용 가능하기 위해서는 필요 조건이 있다고 말한 것이다: 은행 신용의 부재. 일단 은행 신용을 도입하면, 그는 화폐량의 주어진 변화와 이후의 가격 변화 사이의 기계적 연결을 약화시켰다.²⁶ 따라서 J. S. 밀의 화폐 ""가치"" 결정에 관한 관찰은 맥락에서 벗어나 이해되어야 한다.²⁷

그러나 밀이 아니더라도 적어도 리카도는 빅셀과 슘페터가 규정한 화폐수량설의 진정한 지지자였다.²⁸ J. S. 밀의 화폐 ""가치""에 관한 분석—수요와 공급에 의해 결정되는—은 화폐수량설에 대한 노출을 제공하였다."
44,source-044.png,"# 조정 문제로서의 경제학 (Economics as a Coordination Problem)

40

비례성 정리 형태의 화폐수량설. 그러나 결과는 아이러니하다: J. S. 밀에 의해 비례성 정리 형태의 엄격한 수량설이 매우 신랄하게 비판받은 것이다. 경제학에서 밀의 위치를 고려하면, 이것은 이 이론을 적어도 50년 동안 묻어버리기에 충분했어야 했다. 19세기 중반까지 이 이론에 많은 에너지가 투자되어 왔으며, 무조건적인 형태로 진술될 경우 이미 지지할 수 없는 것으로 판명되었다.

그러나 화폐수량설에 대한 논쟁에 접근하는 또 다른 방법이 있다—이 겉보기에 끝이 없는 논쟁에서 어느 정도 의미를 찾을 수 있는 방법. 리카도와 그의 지적 제자들은 주로 장기적 비교 정태(comparative statics) 명제를 정립하는 데 관심을 기울였다. 리카도의 유산은 그 이후의 연구에서 분명히 드러난다. 장기, 또는 *자연 가격(natural price)*—""마치, 이른바, 중심 가격으로, 모든 상품의 가격이 끊임없이 수렴하는""²⁹—는 현명한 통치자, 공정한 법률, 그리고 유리한 상황에 의해 달성되는 것이다. 이러한 저항은 성장에 의해 이루어지는데, 이 맥락에서 성장이란 인구 성장과 자본 축적을 의미한다. 자본 축적은 결국 노동 시장을 영구적인 불균형 상태에 놓이게 하고, 리카도 학파(특히 리카디언)를 비롯한 후기 고전 경제학자들을 사로잡은 것은 이 추세를 따른 교란 변동이 아니라 임금을 장기 수준 이상으로 유지시키는 것이었다.³¹

모든 상황에서 리카디언들은 특히 어떤 *궁극적(ultimate)* 효과에 주목하였다. 이것은 빅셀이 반대한 고전 경제학의 특성이었다. 빅셀은 처음에 화폐수량설 논쟁을 본질적으로 화폐 공급의 변화가 화폐 유통 속도에 미치는 피드백 효과와 거래량에 관한 문제로 특징지었다. 이 논쟁은 전통적으로 이런 방식으로 다루어져 왔다.

그러나 화폐 이론의 일부 비판자들에게 중요한 것은 화폐 이론의 *초점(focus)*—즉 화폐 증가의 가격에 대한 궁극적 효과, 또는 이러한 변화가 발생하는 과정—이다. 리카도에게 화폐수량설은 하나의 질문에 대답하기 위한 도구였다: 지폐 발행량 증가의 결과는 무엇일까? 리카도는 이 질문을 다루었다."
45,source-045.png,"# 화폐 이론 (The Monetary Theory)

41

가치 이론의 일환으로서 균형 분석을 채택하였다.³³ 그러나 리카도의 동시대인인 헨리 손턴(Henry Thornton)은 대출 시장에서의 불균형 조정 과정을 구체적으로 검토하고자 하였다. 이러한 접근법을 채택한 이들은 주로 화폐량 증가가 차입과 대출에 미치는 효과에 초점을 맞추었는데, 이는 화폐 교란의 효과가 바로 여기서 느껴지기 때문이다. 리카디언 사고방식으로 화폐 문제에 접근한 화폐수량론자들은 *결국* 나타나는 모든 시장(대출 시장 포함)에서의 지출 증가에 초점을 맞추었다. 따라서 화폐수량론자들은 화폐 공급의 영구적 변화에 대한 영구적 반응으로서 가격이 *결국(eventually)* 균일하게 상승하는지 여부를 물었다. 화폐수량설 접근법 비판자들은 본질적으로 디평가 상황을 분석하는 데 사용되는 비교 정태 접근법을 비판하였다. 손턴을 시작으로 맬서스에 이르기까지 비판자들은 새로운 화폐가 시스템에 진입하는 대출 시장에 초점을 맞추었다.³⁴

맬서스와 손턴은 18세기의 비평가 리처드 캉티용(Richard Cantillon)이 존 로크(John Locke)의 초기 화폐수량설 공식화에 맞서 제기한 것과 동일한 요점을 제기하였다.

그[로크]는 화폐의 풍요가 모든 것을 비싸게 만든다는 것을 분명히 알고 있었지만, 그것이 어떻게 일어나는지는 분석하지 않았다. 화폐 증가가 상품 가격을 어떤 경로로, 어떤 비율로 올리는지를 발견하는 것, 이것이 이 분석의 큰 어려움이다.³⁵

리카도는 캉티용과 손턴의 보다 정교한 분석보다 로크와 흄의 조잡한 공식화를 지지하였다. 그 이후 세대들은 단기 조정 과정을 뒷받침하는 이론 없이 화폐수량설이 얼마나 미완성된 것인지를 인식하지 못하고 화폐수량설을 재확인하였다.

일부 비판자들에게 화폐수량설 논쟁의 핵심은 속도의 문제이다. 그러나 속도가 일정하거나 화폐량의 변화가 가격을 자동적으로 변화시킨다는 견해를 견지한 이론가들은 거의 없었다. 화폐 이론가들 사이의 차이는 다른 곳에 있어야 한다.

흄, 리카도, J. S. 밀과 같은 ""화폐수량론자들""은 화폐량 변화가 가격에 미치는 영향을 분석하였다."
46,source-046.png,"42 *경제학: 조정 문제로서의 경제*

실제 현금 잔액과 원하는 현금 잔액. 신용의 영향이 고려되더라도, J. S. 밀의 경우처럼, 그것은 총지출에 영향을 미치는 한에서만 다루어졌다.³⁴ 따라서 이후의 화폐수량론자들은 화폐적 교란을 *총계적* 구매력과 *총계적* 지출의 관점에서 분석하였다.

화폐 또는 신용의 공급 변화가 경제에 미치는 영향은 어떠하든 간에, 화폐수량론자들에게는 지출에 영향을 미치는 것으로 간주되었다. 헨리 손턴은 ""화폐수량론자""로 분류되어서는 *안 되는* 인물의 예다. 왜냐하면 그는 ""화폐""라고 불리는 자산의 수요와 공급이라는 관점에서 화폐 분석을 수행하지 *않았기* 때문이다. 실제로 손턴이 화폐 경제학에 특별히 기여한 것은 '실질어음' 교리에 대한 비판에서 비롯된 것으로, 그것은 화폐적 교란이 실물 경제 활동에 영향을 미치는 간접적 메커니즘에 관한 분석이었다. J. S. 밀은 모든 1파운드, 1실링, 혹은 1페니가 누군가의 소유 하에 갑자기 추가된다고 가정함으로써 화폐 분석을 시작하였다.³² 그러나 손턴은 자본 시장에서의 화폐적 교란과 시장성 있는 증권에 대한 금리 변화를 통한 지출의 점진적 효과를 강조하였다. ""은행에서 대출을 받을 때 어느 때든 부담해야 할 이자율이 어느 정도인지 파악하기 위해, 차용으로부터 도출될 이윤의 크기를 현재의 상황 하에서 따져보아야 한다.""³³

손턴과 ""화폐수량론자""의 핵심적인 차이점은, 후자가 교란의 장기적 효과를 분석하는 리카도식 접근법을 채택했다는 점이다.³⁹ 반면 손턴은 교란의 초기 충격과 궁극적 결과를 발생시키는 메커니즘에 관심을 가졌다.⁴⁰

슘페터의 리카도와 손턴에 대한 화폐 경제학 비교 평가는 적절하다:

> 화폐 일반론에 관한 한, 리카도의 가르침은 우회로이자 분석의 진보를 더디게 한 것이었다. 손턴의 선례를 따랐더라면—리카도의 영향력이 손턴의 통찰을 압도하지 않았더라면—분석은 훨씬 빠르고 매끄럽게 진행될 수 있었을 것이다.⁴¹"
47,source-047.png,"*화폐 이론* 43

빅셀의 화폐수량론 초기 분석에서 중요한 문제는 유통 속도의 자율성이었다. 그러나 다음 절에서 살펴보겠지만, 손턴의 경우처럼 그의 실제 강조점은 새롭게 창출된 화폐가 경제를 통해 순환되는 전달 메커니즘에 있었다. 슘페터는 이미 언급했듯이 화폐수량론을 정의하는 네 가지 명제를 제시하였다.⁴² 그의 두 번째 명제는 유통 속도가 가격 수준 및 거래량과 관련하여 자율적이라는 것이다. 그의 네 번째 명제에서 슘페터는 화폐가 시스템에 도입되는 방식은 중요하지 않다고 지적하였다. 화폐수량론자는 리카도식 입장에서 화폐적 교란의 장기적 효과에만 관심을 갖는 한, 단기적 효과는 부수적인 것이다.⁴³

경기 순환은 19세기 고전파 경제학자들의 주요 정책 문제가 아니었다. 경제 성장과 발전이 주된 정책적 관심사였다. 고전적 분석에서 화폐의 수량은 경제 성장과 무관하였다. 특히 화폐의 수량은 이자율의 결정에 관여하지 않았으며, 따라서 자본 축적의 속도에도 영향을 미치지 않았다. 화폐 수량의 단기적 변화는 이자율에 영향을 미칠 수 있었지만, 이는 무시되었다.

따라서 화폐수량론자는 화폐적 교란의 장기적 효과에 초점을 맞추었다.⁴⁴ 단기적 효과가 고려되더라도, 분석의 전반적 기조는 이를 경시하는 것이었다.⁴⁵

바로 이러한 화폐수량론적 접근 방식에 대응하여 빅셀과 하이에크가 반응하였다. 그들의 태도는 경제 성장 연구에서 경기 변동 연구로의 강조점 전환을 반영하였다.

---

## 화폐와 가격을 연결하는 사슬

빅셀이 제시한 이론은 독창적인 것은 아니었지만, 그는 외부 영향과 무관하게 독립적으로 이를 발전시킨 것으로 보인다. 영국 화폐 이론에는 때로"
48,source-048.png,"44 *경제학: 조정 문제로서의 경제*

병행하면서도 때로 괴리되었던 전통이 있었는데, 이는 리카도의 화폐수량론과는 상당히 독립적인 것이었다. 이 점에서 빅셀이 『강의』의 *lacuna*(공백)를 지적하며 헨리 손턴을 언급하지 못한 것은 가장 두드러진 실패다.⁴⁸ 하지만 빅셀의 화폐, 신용, 이자율, 가격 간의 상호작용 분석의 상당 부분은 손턴의 것과 중복되었다.

『강의』에 대한 서론에서 라이오넬 로빈스는 빅셀이 이 초기 영국 전통에 무지했음을 지적하였다. 빅셀은 분명히 이 전통을 알지 못했는데, 그것이 리카도의 『지금 가격의 높음에 대하여(*High Price of Bullion*)』에 담겨 있었기 때문이다. 빅셀은 이 저작을 자신의 연구 출판 이후에야 알게 되었다.

> 만약 잉글랜드 은행이 대규모 추가 어음을 시장에 내놓고 그것들을 대출로 제공한다면, 그것들은 시장에서 금이나 은화가 숨겨진 보물을 발견했을 때 그만큼의 효과를 한동안 발휘할 것이다…. 이자는 은행 어음의 추가분이 유통 전반에 흡수되는 동안에는, 즉 은행들의 발행 간격과 그 가격에 대한 효과 기간에는 자연 수준 이하에 있을 것이지만, 어음이나 화폐의 추가분이 유통 전반에 흡수되는 즉시 이자율은 다시 높아질 것이다.⁴⁹

리카도의 이 분석은 이후의 발전에 비추어 보면 매우 놀라운 것이다. 그러나 그는 이 단기적 분석을 더 이상 발전시키지 않았다.

빅셀은 헨리 손턴의 연구에 대해 J. S. 밀의 『원리(*Principles*)』를 통해 알았을 것이다. 밀은 손턴을 광범위하게 인용하였지만, 실질어음 교리에 관해서는 그러했고, 밀은 화폐량(""지폐 신용"")이 이자율에 미치는 효과에 관한 손턴의 분석을 완전히 무시하였다.⁵⁰

""모호한 개념들의 이 혼돈 속에서 올바른 해법을 찾기 위해"" 빅셀은 헨리 손턴이 그랬듯이—시장 이자율에 대한 화폐적 교란의 효과를 검토하는 것으로 분석을 시작하였다.⁵¹ 중요한 문제는 더 많은 화폐가 어떻게 시스템에 진입하는가이다. 은행 신용 주입에 의한 시장 이자율의 하락은 투자 증대로 이어진다. 상품 시장에서의 수요-공급 조건 변화가 이어져야 하며, 따라서 *상품* 가격의 변화가"
49,source-049.png,"*화폐 이론* 45

산출물의 *위치*에 관한 문제다. 국민소득 중 더 많은 부분이 투자 지출에 할당되고, 그 결과 투자의 한계 생산성이 하락한다.⁵²

빅셀은 이 이론을 『강의』에서 화폐수량론과 완전히 분리하지 못하였다. 그의 진정한 기여가 상대 가격에 대한 화폐적 교란의 효과를 분석하는 것이었음에도 불구하고, 그는 최종적인 결론에는 이르지 못하였다.⁵³

19세기 화폐 이론의 역사는 루트비히 폰 미제스의 *Theorie des Geldes und der Umlaufsmittel*(화폐와 유통수단의 이론)에 대한 고려 없이는 서술될 수 없다. 이 세기의 대단히 중요하면서도 간과된 저작이다.⁵⁴ 미제스는 멩거의 전통 위에서 화폐 이론을 한계효용을 활용한 일반 경제 이론에 통합한 최초의 인물이었다. 비록 이 저작이 영국에서는 *The Theory of Money and Credit*(화폐와 신용의 이론)이라는 제목으로 번역되기 전까지는 알려지지 않았지만.⁵⁵

이상한 점은 미제스 저작의 성공이 오히려 그것을 해쳤다는 것이다. 로빈스가 지적했듯이, 그 사상들은 유럽 대륙에서 앵글로색슨 화폐 이론의 광범위한 통용에도 불구하고 대륙에 머무르면서 서서히 스며들었다. 1930년대에 이르러 영어권 경제학자들은 더 이상 *The Theory of Money and Credit*의 혁명적 성격을 인식하지 못하게 되었다.

미제스는 대출 이자율과 자연 이자율 간의 괴리로 인한 소비재와 자본재에 대한 수요의 차별적 영향을 면밀히 검토함으로써 빅셀식 이론을 확장하였다. 무엇보다 중요한 것은, 그가 일반 가격과 상대 가격에 미치는 효과를 구분했다는 점이다. 그러나 그의 경기 순환론은 화폐의 중립성과 관련된 화폐의 ""내적 가치""(*innere objektive Tauschwert*)의 변화를 다루는 *The Theory of Money and Credit*의 방식에 의해 흠이 생겼다. 하이에크가 지적했듯이 이 용어론은 영어권 독자들에게 다소 혼란스러운 방식으로 화폐의 중립성을 다루는 것이다. 독일어에서 *flüssig*(유동적)에 해당하는 ""building block"" 품질은 미제스가 독일어를 구사하는 독자를 위해 의도한 구별을 의심의 여지 없이 더욱 명확하게 해준다.

미제스의 이론은 문자 그대로 강제 저축에 관한 논의 속에 파묻혀 있다. 강제 저축 이론은 주기적 인플레이션을 수반하는 화폐 이론을 따른다. 화폐 가치의 변화에 따른 것으로, 특정 계약 비용이 가격 상승에서 ""경직적""인 순환 이론이 있다. 문제는"
50,source-050.png,"46 *경제학: 조정 문제로서의 경제*

당시로서는 경기 변동에 관한 완전히 새로운 이론의 부속물로 등장하였다.⁵⁷

미제스 자신은 제2판 독일어판 서문에서 자신의 이론의 불연속성에 대해 다소 간접적으로 언급하였다:

> 나는 내가 제시한 이론이 위기에 대한 그 자체로 충분한 설명이며, 첫 번째 판에서 내가 가정했던 것처럼, 직접 교환 이론에 대한 보완이 아니라는 결론에 도달했다.⁵⁸

하이에크는 미제스의 이론을 빅셀-미제스 이론으로 지칭하고, 화폐 이론의 진보는 빅셀이 놓은 기초와 미제스의 기초 위에 부분적으로 의존할 것이라고 주장하였다.

하이에크는 화폐수량론적 접근 방식과 완전히 결별하였다. 화폐수량론의 결함은 그것의 비교 정태적 접근 방식, 조정 문제에 대한 주목의 결여, 그리고 실물 교란 분석에 불필요한 가격 수준 운동에 대한 초점에 있었다. 하이에크의 비판은 빅셀의 비판과 병행하였다.⁴⁹ 화폐수량론자들의 전체적 접근 방식을 수량론에 본질적인 정리로 비례성 정리를 보는 대신, 그는 화폐수량론자들의 전체적 접근 방식을 ""현재 우리가 가진 경제 현상에 대한 이해 전체가 그것으로부터 빚을 지고 있는 '개인주의적' 방법""으로부터 이탈한 ""진전에 대한 긍정적인 방해물""로 규정하였다.⁴⁹ 이 접근 방식에서 이탈함으로써 화폐수량론자들은 ""세 가지 매우 심각한 오류""로 이어지는 경향이 있었다:⁴⁹

> *첫째*, 화폐는 일반 가격 수준이 변화할 때만 생산 및 가격에 작용하므로, 가격과 생산은 일반 가격 수준이 안정적이라면 항상 화폐의 영향을 받지 않는다는 것. *둘째*, 상승하는 가격 수준은 생산의 증가를 항상 야기하고, 하락하는 가격 수준은 생산의 감소를 야기하는 경향이 있다는 것. *셋째*, 화폐 이론은 화폐의 가치가 어떻게 결정되는가에 관한 이론에 지나지 않는 것으로 묘사될 수 있다는 것.⁴⁴"
51,source-051.png,"# 화폐 이론

47

여기서 하이에크는 J. S. 밀이 지지했던 바로 그 생각, 즉 화폐량(혹은 그 유통 속도)의 변화가 일반 물가 수준에만 영향을 미칠 뿐 상대 가격에는 영향을 미치지 않는다는 주장을 정면으로 공격했다.⁶⁵ 하이에크는 화폐적 교란이 가격 수준의 변화를 통해 실물 활동에 영향을 미친다는 명제를 밀 분석의 논리적 연장선으로 보았다. 다음 단계는 경기 순환을 주로 가격 수준의 운동으로 파악하고, 실물 경제 활동은 변화하는 가격 수준에 대한 조정이 비용을 수반하는 한에서만 영향을 받는다는 시각을 갖는 것이었다.⁶⁶

이 비판을 필요 이상으로 깊이 읽어서는 안 된다. 하이에크는 수량 이론을 비교정학적 명제로서 반박할 수 없는 것으로 여겼다.

나는 이 이론의 긍정적 내용에 대해 논쟁할 의도가 없다. 지금까지의 논의가 사실이라는 점, 그리고 실용적 관점에서 볼 때, 만약 일반 대중이 수량 이론의 기본 명제들을 다시금 믿지 않게 된다면 우리에게 닥쳐올 최악의 사태 중 하나가 될 것임을 기꺼이 인정한다.⁶⁷

그러나 윅셀,⁶⁸ 손턴,⁶⁹ 맬서스,⁷⁰ 그리고 그 외 많은 사람들처럼, 하이에크는 수량 이론이 *본질적인* 세부 사항들을 간과하고 있다고 믿었다. 수량 이론은 화폐 이론에서 ""중심적인 위치를 찬탈""해 왔다. ""…이 특수 이론의 가장 해로운 영향은 화폐 이론이 일반 경제 이론의 본체로부터 현재와 같이 고립되어 있다는 점이다.""⁷⁰

하이에크는 수량 이론가들이 상대 가격에 주의를 기울이지 않는 것을 개탄했다. 『가격과 생산』이라는 제목은 분명 이 논거를 강조하기 위해 선택된 것이었다. 상대 가격은 생산을 인도하는 것이지만, 화폐 이론이 가치 이론으로부터 분리되는 상황에서 화폐는 상대 가격에 아무런 영향을 미치지 않는 것으로 가정된다. 이에 따라 하이에크가 주장한 바, 수량 이론은 경제학자들을 맹목적으로 이끌었다. 화폐가 상대 가격에 영향을 미치지 않는다는 물물 교환 모형이 바로 수량 이론에 내재해 있었고, 하이에크가 반대한 것은 금융 시장을 무시하는 이 모형이었다."
52,source-052.png,"# 조정 문제로서의 경제학

48

화폐의 도입은 가치 법칙의 어떤 작동과도 간섭하지 않는다. … 어떤 상품의 다른 상품에 대한 관계는 화폐에 의해 변하지 않고 유지된다. 화폐와의 유일한 새로운 관계는 화폐 자체에 대한 관계, 즉 얼마나 많은 화폐를 교환에 제공하고자 하는가, 다시 말해 화폐의 교환 가치 자체가 어떻게 결정되는가의 문제이다.⁷¹

케인즈 역시 화폐 이론과 가치 이론 사이의 분리에 반발했다.

경제학자들이 가치 이론이라 불리는 것에 관심을 가지는 한, 그들은 가격이 수요·공급의 조건에 의해, 그리고 특히 단기 한계 비용 및 탄력성 변화에 의해 지배된다고 가르치도록 훈련받아 왔으며, 단기에는 중요한 역할을 해왔다. 그러나 그들이 제2권이나, 혹은 보다 자주 『화폐와 물가 이론』을 다루는 별도의 논저를 펼칠 때, 우리는 가격이 화폐량, 그것의 소득 속도, 거래량에 대한 유통 속도, 강제 저축, 인플레이션과 디플레이션 등에 의해 지배된다는 이야기를 더 이상 듣지 못하며, 수요와 공급의 탄력성에 대한 과거의 개념들과 이러한 보다 막연한 어구들을 연결하려는 시도는 거의 또는 전혀 이루어지지 않는다.⁷²

실로 하이에크는 케인즈의 수량 이론 접근법으로부터의 첫 번째 주저하는 이탈을 환영했다.

케인즈 씨가 채택한 새로운 접근법, 즉 이자율을 저축과 투자의 중심 문제로 삼고 화폐와의 관계를 이 이론의 중요한 진전으로 만드는 이 이론은, 케임브리지 현금 잔고 이론이라는 초기의 입장으로부터 비약적인 발전이며, 진정으로 중요한 것에 관심을 돌린다는 점에서 의심할 여지 없이 획기적인 것이라 생각한다.⁷³

다시 말하지만, 수량 이론 접근법에 대한 하이에크의 반대는 그것의 긍정적 내용에 대한 비판이 아니라, 페이지를 바꾸어 말하자면, 이 전통에서의 연구들이 그것을 평범한 경제적 범주들로 표현하는 데 실패했다는 것이었다. 수량 이론은 두 가지 이유에서 ""장애물""이었다. 첫째, 이론적 관점에서 볼 때, 가격 수준 변화의 관점에서 경기 순환에 대한 화폐 이론을 제시하는 것은 다른 화폐적 설명들에 반감을 가진 독자들을 편견으로 만들 것이었다. 둘째, 경기 순환에 대한 화폐 이론을 가격 수준의 변화 관점에서 표현하는 것은 순환적 변동들을 설명하는 데 있어 ""소박한"
53,source-053.png,"# 화폐 이론

49

수량 이론적"" 설명이라는 비난을 받게 하고,⁷⁷ 스피에트호프 같은 수준의 경제학자들로 하여금 모든 화폐적 설명을 거부하게 만들었다. 왜냐하면 그들은 이를 소박한 수량 이론과 동일시했기 때문이다.⁷⁸ 둘째로, 수량 이론 접근법은 그것을 따르는 사람들로 하여금, 가격 수준을 안정화하면 경제 활동이 자동적으로 안정될 것이라는 잘못된 결론을 이끌어냈다. *오스트리아 경기 순환 이론의 주요 정책적 결론은 가격 수준의 안정화가 일반적으로 경제 활동을 안정화하지 않는다는 것이다.*

하이에크는 윅셀과 미제스의 접근법이 화폐 이론과 가치 이론의 통합을 가능케 했다고 보았다. 화폐가 가격 결정에 미치는 영향은 고려될 수 있었다. 더 나아가, 화폐 공급이나 화폐 수요의 변화가 이자율, 기간 간 가격, 따라서 자원의 배분에 영향을 미친다는 것을 보여줄 수 있었다. 현재의 용어로 말하자면, 하이에크의 이론은 ""화폐가 중요한"" 세계를 설명했다.

하이에크는 경기 순환의 변동을 분석하는 이론들, 특히 기간 간 가격(무엇보다도 기간 간 가격)이 인과적 역할을 전혀 하지 않는 이론들을 체계적으로 비판했다. 처음에는 수량 이론을 발전의 주된 장애물로 여겼지만, 이후 케인즈 경제학, 혹은 소득·지출 접근법에 대한 공격으로 방향을 전환했다. 하이에크의 분석에서는 ""소박한 수량 이론""과 케인즈 거시경제학이 같은 천으로 재단된 것이다. 물물 교환 개념은 밀의 『원리』에 구현되어 있다. 두 이론 모두 비교정학의 도구를 이용하여 경제적 불균형을 분석한다. 그리고 두 이론 모두 본질적으로 ""거시적""이다. 즉, 상대 가격의 변화로부터 추상화되어 있다.

하이에크에게 케인즈는 거시경제적 관계를 ""미시경제적 구조""에 대한 고려 없이 수립하려 한 점에서 오류를 범했다.⁷⁸ ""거시이론에 필요한 인위적 단순화는 진정으로 중요한 거의 모든 것을 숨기려는 경향이 있다.""⁷⁹ 케인즈의 마셜 전통과 수량 이론적 배경은 케인즈가 ""깨끗한 단절""이라고 생각한 연구에까지 살아 남았다.

---

## 중립 화폐

화폐와 가격 사이의 장기적 연결을 수용한 하이에크는 이를 토대로 경기 순환 이론을 구성했다."
54,source-054.png,"# 조정 문제로서의 경제학

50

하이에크가 그랬던 것처럼. 화폐 공급의 증가가 상대 가격을 (초기에) 변화시킨다는 그의 주장을 감안할 때, 그는 통화 증가가 일어나기 전의 원래의 상대 가격 집합을 회복시킬 메커니즘을 탐구하도록 독려받았다.⁸⁰ 균형 상태의 정리들은 시장 *경향들*을 분석하는 데 화폐 이론가를 돕는 도구들이다. 시장 조정 과정의 분석은 그 경향들이 언제 실현될 수 있고 언제 좌절될 수 있는지를 나타낸다.⁸¹

하이에크는 화폐 이론의 가장 위대한 논쟁 중 하나, 즉 화폐 중립성 논쟁을 촉발했다. 오늘날 화폐 중립성의 개념은 장기 효과에 대한 것으로 받아들여진다. 그러나 하이에크는 케인즈, 로버트슨 및 다른 사람들처럼, 균형 회복 이전의 경제 활동에 대한 화폐 교란의 효과를 분석하고자 했다. 화폐는 균형 회복 *이전에* 경제 활동에 미치는 효과들 때문에 화폐 이론의 핵심 개념이다. 하이에크는 어느 한 재화의 화폐 수요나 공급의 변화가 이자율, 기간 간 가격, 따라서 자원 배분에 영향을 미친다는 것을 보여줄 수 있었다.

케인즈는 ""화폐의 중요성은 본질적으로 현재와 미래를 연결하는 고리로서의 기능으로부터 흘러나온다""고 주장했을 것이다.⁸³ 뮈르달은 ""대부분의 이론가들이 그들의 화폐 분석에 통합된 사고 습관을 조기에 확립한다""고 불만을 토로했을 것이다.⁸⁴ 섀클은 화폐를 ""전문화된 헌신으로부터의 도피처, 원거리적 결정을 내릴 필요를 미루는 자""로 표현했을 것이다.⁸⁵ 그러나 화폐 분석은 주로 단기적 조정에 관한 것이다. 모든 연구는 불균형의 경제학에 관심을 두고 있었다.

수년간 영국 경제학자들, 특히 케임브리지의 경제학자들은 윅셀 전통이나 오스트리아 전통에 거의 공감하지 않았다. 하이에크의 ""화폐 중립성"" 개념 역시 상당한 적대감을 받았다. 스라파는 다음과 같이 선언했다.

만약 하이에크가 자신의 원래 의도를 고수했더라면, 그는 화폐 경제와 비화폐 경제의 차이가 모든 화폐 교과서의 첫 부분에 제시되는 특성들에서만 발견될 수 있다는 것을 즉시 알아차렸을 것이다.⁸⁶"
55,source-055.png,"# 화폐 이론

51

이에 하이에크는 이렇게 응답했다. ""그러나 스라파 씨가 이 생각의 반박이 내 책의 중심 명제 중 하나라는 것을 인식했는지에 대해 나는 충분히 확신하지 못하겠다.""⁸⁷

그럼에도 불구하고 중립 화폐의 개념은 빠르게 관심을 끌었다. 의심할 여지 없이 경기 순환 변동을 완화하기 위한 화폐 정책에 대한 가능한 적용 때문이었다. 『일반 이론』의 출판 이후, 화폐 중립성에 대한 관심은 약해졌다.⁸⁸ 파틴킨 이후 경제학자들은 그 개념을 사용하여, 장기적으로 화폐량의 변화가 상대 가격이나 실물 산출량에 영향을 미치지 않는다는 것을 보여왔다.⁸⁹

그러나 하이에크는 바로 이 개념을 사용하여 화폐량의 변화가 통상적으로 이자율, 상대 가격, 실물 경제 활동에 어떻게 영향을 미치는지를 보여주었다. 실로 하이에크는 화폐적 교란이 그 효과에 있어 비중립적일 수 있음을 보였기 때문에 주목을 받았다. 하이에크의 분석은 동시대의 화폐 이론가들과 다른데, 그는 현재 이론들이 가정에 의해 통상적으로 배제하는 단기 효과에 집중했기 때문이다. 그는 화폐 정책이 예측 가능한 방식으로 상대 가격을 변화시키는 분배적 효과를 가진다고 주장했다. 실제로 화폐량의 증가는 *사전적(ex ante)* 투자가 *사전적* 저축보다 크도록 야기할 것이다. *사후적(ex post)* 저축은 *사후적* 투자와 같을 것이다. 하이에크가 ""강제 저축""이라고 불렀던 사전적과 사후적 저축의 차이는 유지될 수 없는 자본의 과잉 축적으로 이어진다.⁹⁰

화폐적 교란의 비중립성에 대한 하이에크의 경기 순환 이론은 화폐 정책의 건전성에 관한 그의 논증에, 그리고 경기 순환 변동이 가격 수준의 변화 관점에서만 설명될 수 없다는 점에 달려 있다. 화폐적 교란에 대한 그의 처리는 강제 저축에 대한 그의 견해의 관점에서만 이해될 수 있다.

---

## 강제 저축

강제 저축 개념의 역사에 관한 전문가인 하이에크는, 이 개념이 초기 수량"
56,source-056.png,"52 *경제학: 조정의 문제*

tity-theory 분석. 따라서 리카도의 분석에 대해 논평하면서 맬서스는 다음과 같이 말했다:

> 실제 상황에서, 유통 중인 새 지폐가 수익성 있는 사업의 기소 및 확장에 고용하고자 하는 사람들의 손에 들어올 때마다, 유통 매체의 분포에 변화가 발생하며, 이는 이전에 가정했던 것과 유사하다. 그리고 물론 자본에 유리한 방향으로 자본과 수익 간의 관계를 변화시키는 비교적 미미한 효과를 낳는다. 새 지폐는 사업 추진에 필요한 것을 구매하기 위해 시장에 추가 자본으로 투입된다. 그러나 생산이 증가하기 전, 사회의 연간 생산물 중 더 많은 몫을 획득하지 않고는 한 사람이 더 많이 가지는 것이 불가능하다. 이러한 감소는 새 지폐의 경쟁으로 야기된 가격 상승의 영향을 받으며, 이는 구매자이지 판매자가 아닌 사람들을 이전처럼 연간 생산물의 많은 부분을 구매할 수 없는 권한 밖으로 밀어낸다. 모든 근면한 계층들—판매자로서뿐만 아니라 구매자로서도 상품을 판매하는 모든 이들—은 가격이 점진적으로 상승하는 동안, 즉 비정상적인 이익을 누리게 된다. 그리고 이 과정이 멈추면, 새 발행물보다 이전 발행물을 보유한 사람들이 더 많은 몫을 차지하게 된다.

맬서스의 분석에는 미제스, 비크셀, 하이에크 등이 이론적으로 발전시킨 통찰이 담겨 있었다. 증가한 화폐량은 실물 자원에 대한 증가된 지배력을 나타낸다. 새 화폐 단위는 기업가들(""수익성 있는 사업을 기소하고 확장하고자 하는 사람들"")에게 ""추가 자본""을 의미한다. 그러나 완전 고용 상태에서는 자본재에 대한 자원 제약이 있으며, 자본재에 대한 지출 증가는 소비 비용으로 충당되어야 한다. 소비자들(""구매자일 뿐인 사람들"")은 이전처럼 많은 소비재를 구매할 수 없다. 그 메커니즘은 ""새 지폐의 경쟁""이며, 이는 가격 상승으로 이어진다.

로드 로더데일은 ""한 나라의 은행권 증가 [와] 유통 매체""가 ""허구 자본의 덩어리"" 창출로 이어진다고 주장했다. 더걸드 스튜어트는 로드 로더데일에 동의하면서, ""근본적인 악은, 간단히 말해, 우리 통화에 대한 추가로 간주되는 지폐의 단순한 과잉 발행이 아니라, *신용*의 변칙적이고 제어되지 않는 확장과 그것이 수요의 갑작스러운 증가에 의한 가격의 갑작스러운 상승에 미치는 불가피한 영향""이라고 주장했다. **42**"
57,source-057.png,"*화폐 이론* 53

단일 개념이 강제 저축에 관한 거의 모든 논의를 지배한다. 기업가들은 화폐량 증가로 인한 신용 증가로서 시스템에 진입하는 화폐량 증가의 결과로 희소 자원에 대한 증가된 지배력을 갖게 된다. 자본재 가격은 오르고, 자본재 생산이 촉진된다. 요소 소득은 상승한다. 그러나 이 과정을 통해서만, 그리고 이 순서로, 화폐량의 변화가 가격에 영향을 미친다. 이러한 변화가 *결국* 모든 가격에 영향을 미친다는 것은 논쟁의 여지가 없었다. 문제는 화폐가 가격에 영향을 미치는 메커니즘이었다.

강제 저축은 분명히 *사후적* 상황을 가리킨다. 소비자들은 계획했던 것보다 각 소득 수준에서 덜 소비해야 한다는 것을 알게 된다. **93** 소비재는 소비자들이 그것을 소비하고자 하는 비율로 생산되지 않는다. **94**

---

**그림 3.1**

[그래프: 세로축 - 이자율(Interest Rate), 가로축 - 저축, 투자(Saving, Investment). 곡선 S(저축)는 우상향하고 I(투자)는 우하향하며 균형점 I₀에서 교차한다. 강제 저축의 경우, 이자율이 I₁으로 하락할 때 저축은 S₁에서, 투자는 I₁으로 확장되며, S,I 점에서 만난다.]

그림 3.1의 일정표는 계획된 크기를 나타낸다. *사후적*으로 투자(*I*) = *I*₁이고 저축(*S*)은 투자와 동일하다—"
58,source-058.png,"54 *경제학: 조정의 문제*

ment, *I*₁. 따라서 강제 저축은 실제 저축과 계획 저축 간의 괴리(*I*₁ − *S*₁)와 동일하다. **95** 강제 저축은 화폐량이 증가하는 각 *기간* 동안 발생한다(이 기간 동안 화폐량 증가가 이루어진다). 가정은 화폐 팽창이 주로 기업에 이용 가능한 신용량의 증가라는 것이다. **96** 결과적으로, 물물교환 상황에서 존재했을 수요 및 공급 함수가 변형된다. 하이에크가 초기 저작에서 언급한 바와 같이:

> 정태 이론에 의해 기술된 사건의 과정(직접적으로 공급과 수요를 대조하여 균형으로 향하는 움직임만을 허용하는)과, 간접 교환의 도입과 함께 시작되는 실제 사건의 과정 사이의 차이는 [다음과 같이 설명된다]. 화폐와 함께—엄밀히 말하면 간접 교환과 함께—이야기를 시작하면, ""닫힌"" 균형 체계의 경직된 상호 의존성과 자급자족을 없애고, 새로운 결정 요인을 도입하는 새로운 움직임이 가능해진다. 이는 후자로부터 배제될 것이다. **97**

화폐의 중립성 개념(그리고 간접적으로 강제 저축의 개념)은 자주 비판을 받아왔다. 피에로 스라파의 *가격과 생산*에 대한 리뷰는 내가 언급했듯이 적대적이었다. 코프만스와 클라센 같은 다른 이들도 분석이 제기하는 이론적 문제들과 씨름했다. **98** 다시 말해, *일반 이론*에 지배된 최근 몇 년간의 작업에서, 상대적 가격과 이른바 화폐 정책의 분배적 효과에 관심을 둔 비크셀리언 전통의 그 부분은 사실상 무시되어 왔다. 파틴킨은 현대 작가들 중 가장 용감한 사람일지 모르나, 그는 자신이 만든 함정에 걸렸다. 물물교환 경제와 화폐 경제 사이의 어떠한 비교에서도, 초과 수요 함수는 *반드시* 다르다. 파틴킨은 물물교환 경제를 화폐 공급이 0에 가깝게 점진적으로 감소하는 화폐 경제의 극단적 경우로 간주했다.

명목 화폐량이 0에 가까워질수록, 물가 수준도 그와 같아진다. 따라서 화폐의 실질 수량은 변함이 없다—"
59,source-059.png,"*화폐 이론* 55

영향받지 않는다. 따라서 우리가 물물교환 경제로 정의한 극한 위치는 화폐 경제에 존재하는 것과 동일한 실질 화폐량이 존재하는 경우이다. **99**

원래 중립성은 물물교환 경제와 화폐 경제에서의 수요 및 공급 함수 간의 일치라는 관점에서 정의되었다. 이 비교는 분명히 지지할 수 없다. 화폐 경제에는 물물교환 세계에 존재하지 않는 적어도 하나의 상품이 있기 때문이다. **100**

프리드리히 루츠는 중립성 이론가들이 제기한 중요한 문제, 즉 화폐 공급의 변화 또는 비화폐 재화의 수요가 비화폐 재화의 *상대적* 가격과 수량에 영향을 미칠 조건을 분석하는 것이 중요하다는 사실을 올바르게 결론지었다. **101**

루츠가 언급했듯이, 비크셀의 작업과 하이에크의 현대 화폐 경제학자들의 작업 사이에는 핵심적인 차이가 존재한다. 오늘날 중립성은 거시 모델의 표준 가정으로부터 도출된다. 하이에크에게 화폐의 중립성은 이러한 가정이 적용되지 않았고 적용될 수도 없었던 세계에서의 정책 목표였다. 화폐 이론가들(논리에서 종종 단지 연습에 불과한 완전 모델에 관심을 두는)과 세계를 인식한 대로 설명하려는 초기 화폐 이론가들 사이에는 중요한 차이가 있다.

이러한 보다 최근의 저자들의 주장의 논리는 반박할 수 없다. 그들은 처음부터 생산 과정에 대한 화폐량 감소의 가능한 영향을 ""분배 효과의 부재""라는 가정을 통해 배제했다. **99** 이 가정은 ""강제 저축""(기업가 또는 이윤 수취자에게 유리한 실질 자본의 실제 증가를 전제함)의 현상을 무시하게 하고, 따라서 실질 자본 증가와 관련된 소득 분배의 변화 증가도 무시하게 한다. 이것은 이전 저자들이 중요하게 여겼던 문제가 단순히 그림에서 제거된다는 것을 의미한다. 일단 ""분배 효과""가 *있다*고 가정하면, 원하는 목표가 중립성을 목표로 할 경우 올바른 화폐 정책이 무엇인지의 문제가 불가피하게 다시 제기된다. **102**

이 재등장하는 문제가 이후 장들의 주제이다."
60,source-060.png,"56 *경제학: 조정의 문제*

## 케인즈의 강제 저축에 관하여

하이에크와 오스트리아 학파에 대한 케인즈의 간간이 나오는 언급들은 당대적 의의가 없는 시대착오적인 논의처럼 보일 수 있어 기묘하게, 혹은 기괴하게조차 느껴질 수 있다. 그러나 이는 사상사가들에게는 좋은 재료가 된다. **103**

케인즈에 따르면, ""'강제 저축'은 우리가 완전 고용에 해당하는 표준 저축률을 명시하기 전까지는 아무 의미가 없다."" ""합리적인 일은 완전 고용에 해당하는 저축률을 선택하는 것이다. . . . '강제 저축'은 완전 고용의 균형 위치에 있었을 경우 저축되었을 것보다 실제 저축이 초과하는 부분이다."" **104** 케인즈는 이 정의가 사실 그 용어의 원래 의미였다고 언급했다. **105**

하이에크가 지적했듯이, 강제 저축의 개념에 필요한 것은 ""일종의 표준 저축률에 대한 설명이나 자격 부여""였다. 그러나 케인즈는 이를 완전 고용 미만의 조건으로 분석을 확장하는 것과 완전 고용 미만의 조건으로 *도** 필요한 자격 조건 없이 그러한 조건으로 확장하는 것을 구별하지 못하는 것처럼 보였다. **106** 케인즈는 자원이 항상 완전히 고용된다는 방법론적 가정과 사실상 자원이 항상 완전히 고용된다는 가정 사이의 기초적인 차이를 구별하지 못한 것처럼 보였다. 이것은 케인즈가 처음도 아니고 마지막도 아닌 기초적인 구별이었다.

하이에크가 지적했듯이, 완전 고용 가정은 거시균형에서의 화폐 교란의 영향을 분석하기 위해 사용한 개념이었다. **107** 강제 저축은 장기간에 걸쳐 화폐량이 지속적으로 증가하고, 증가가 신용 증가 형태로 발생하는 경우 실증적으로 중요하다. 하이에크는 *가격과 생산*에서 이러한 종류의 교란을 탐구했으며, 이것이 우리가 이제 주목해야 할 분석이다.

---

## 주석

1. Harry Johnson, ""Monetary Theory and Policy,"" in *Monetary Theory and Policy*, ed. Richard S. Thorn (New York: Random House, 1969), p. 5 (이하 ""Monetary Theory"")."
61,source-061.png,"# 4

# 화폐와 가격

*은행이 한 국가의 유통 매체를 증가시키는 바로 그 행위에 의해, 은행은 공동체에 대량의 금융 자본을 공급하며, 이는 유통 매체로서의 기능만 하는 것이 아니라 자본이 고용될 수 있는 모든 방식에서 사용될 수 있는 추가적인 자본량을 창출한다*(로드 로더데일, 하이에크의 *이윤, 이자, 투자*, p. 190에서 인용).

---

## 런던 대학교 강의

프리드리히 A. 하이에크는 1930-31년 세션 동안 런던 경제대학원에서 특별 대학 강의를 진행하도록 초청받았다. *가격과 생산*이라는 제목으로 이후 출판된 네 번의 강의에서, 그는 ""전형적인 19세기 경기 순환""의 미시경제학을 분석하였다.¹ 그가 150페이지도 안 되는 분량에서 실제로 성취한 것은 잠재적으로 훨씬 더 원대한 것이었다. 즉, 그는 거시이론보다 더 완전하게 화폐 이론과 가격 이론을 통합하였으며, 이는 이전에 이루어진 것보다 더 철저한 것이었다.² 거시이론과 미시이론의 통합에 있어서 현재 연구의 목표는 본질적으로 하이에크의 목표와 같으며, 하이에크의 기여가 케인즈 혁명의 여파로 시야에서 사라지지 않았더라면 진보는 훨씬 더 컸을 것이라고 생각한다.

당시의 다른 주요 화폐 이론가들도 경기 순환 이론의 재검토에 유사하게 참여하고 있었다. 그 중 특히 주목할 만한 인물로는 영국의 J. M. 케인즈, D. H. 로버트슨, R. G. 호트리; 미국의 어빙 피셔와 헨리 사이먼스; 유럽 대륙의 루트비히 폰 미제스와 군나르 뮈르달; 그리고 실질적으로 오스트리아 학파와 스웨덴 학파의 전체 구성원들이 있었다. 대륙 및 영국의 화폐 이론가들—지적으로 하이에크는 이 두 집단 사이에 걸쳐 있었다—은 화폐 이론의 미시적 토대를 찾는 데 있어서 미국인들보다 훨씬 더 적극적이었으며, 화폐와

---

66"
62,source-062.png,"*화폐와 가격* 67

가격 이론³의 다양한 변형에 있어서 화폐 이론의 상태에 모두 깊이 불만을 품고 있었다.⁴

하이에크의 경기 순환 이론은 영어권 독자들에게 제시된 바와 같이, 화폐 이론, 자본 이론, 가격 이론의 혼합이었다. 강의는 1931년에 처음 출판되었다. (1928년 경기적 변동의 화폐적 문제들에 관한 그의 연구는 1933년까지 영어로 번역되지 않아 영어권 독자들에게는 이용할 수 없었다.)⁵ 하이에크는 가격 메커니즘을 신호 체계로, 그리고 ""경제적 문제""를 자원 배분의 문제로 보았다. 그러나 이러한 개념들은 사회주의 계산 논쟁과 경제적 조정에 관한 사중 논문에 대한 그의 기여가 이루어지기 전까지는 충분히 발전하지 않았으며, 그 중 ""경제학과 지식""이 최초였다.⁶ 이 논문들은 대부분 경기적 변동에 관한 초기 연구 이후에 작성되었다.

하이에크가 다루는 실질적인 문제들 중 많은 부분은 오스트리아 자본 이론의 상세한 발전 없이도 검토할 수 있다. 때로는 오스트리아 자본 이론이 매우 독특하여, 이에 익숙하지 않은 사람들과의 소통이 방해받을 수 있다. 하이에크가 나중에 저술에서 인정했듯이, 그 특성적 명제들에 대한 참조는 후속 분석에 도움이 되는 한에서만 이루어질 것이다.⁷

---

## 인플레이션 과정과 자원 배분

하이에크에게 경기 순환을 설명하는 어떤 경제적 변동 이론에서도 설명되어야 할 하나의 본질적인 사실이 있었다.

경기 순환을 이해하는 과제는 다음과 같은 사실에 의해 다소 수월해진다. 현재 이 시점에도 적어도 한 가지 광범위한 합의가 여러 이론들 사이에 존재한다. 모든 이론들은 다양한 생산 집단들 사이에서의 *불균형성(disproportionality)*, 특히 자본재의 과잉 생산을 가장 먼저 설명해야 할 첫 번째이자 주된 사항으로 간주한다.

고트프리트 하벨러는 10여 년 후에 유사한 견해를 가졌지만, 더 이상 미제스-하이에크 이론의 세부 사항을 받아들이지 않았다. 그는 모든 순환에서 ""아마도 우리의 순환 정의에 의해 암시되지는 않더라도 예외 없이 관찰될 수 있는 두 가지 특징이 있다""고 언급하였다."
63,source-063.png,"68 *조정 문제로서의 경제학*

그것들은 (1) 경기 순환적 생산과 고용의 변동이 화폐 가치로 표현된 생산 및 거래량의 평행 운동을 동반하고, (2) ""생산자 재화의 생산과 관련하여 경기 순환적 변동이 소비재 생산보다 더 두드러진다""는 것이다.⁹

하이에크는 투자의 변동성, 즉 생산에서의 ""불균형성""이라는 특정 현상을 설명하기 위해 빅셀과 미제스의 이론을 발전시켰다.¹⁰ 인플레이션, 혹은 더 정확히는 ""경기 순환적 팽창""은 중간재를 생산하는 산업으로부터 최종 소비재(""최종 산출물"")를 생산하는 산업으로 자원이 재배분되는 것으로 구성된다고 이해되었다. 만약 경기 팽창이 완전 고용 상태에서 시작된다면, 팽창은 일시적으로 모든 산업에서 동시에 일어날 수 있다. 하이에크는 이러한 균일성을 실제로는 나타나지 않는 것으로 보았으며, 그의 이론은 이러한 불균일성을 설명하려고 시도했다. 그는 화폐적 교란의 전달 메커니즘 이론을 발전시켰는데, 이 메커니즘에서 화폐 공급 증가율의 변화는 균형 이자율 이하로 시장 이자율을 하락시키고, 이를 통해 자본재에 대한 화폐 지출의 증가를 자극하며, 마지막으로 소비재 산출물의 가격이 상승한다. 이 과정에 관련된 복잡한 배분 문제들은 *가격과 생산*에서 분석된다.

하이에크는 경기 순환의 유일한 특징으로서 자본재의 ""과잉 생산""을 다루지 않았으나, 그것을 가장 중요한 특징으로 여겼다. 모든 재화 가격이 변화하는 경향은 이차적 현상으로 다루어졌다. 그는 경기 순환의 필요 조건으로 가격 수준의 변화를 보지 않았다.¹¹

하이에크는 경기 순환에 관한 어떠한 이론에서도 자원 실업의 출현을 설명할 필요성을 인식하였다. 그러나 *가격과 생산*에서의 그의 접근 방식은 상당한 논란을 불러일으켰다. 그는 완전 고용, 즉 장기 균형 상태를 가정하는 것으로 시작했다. 그는 그러나 경제가 완전 고용 상태에서 머무를 것이라고 가정하지 않았다. 그의 목적은 그가 실제 경기적 상승기 동안 발생할 것이라고 생각한 특정 과정들에 초점을 맞추는 것이었다."
64,source-064.png,"*화폐와 가격* 69

완전 고용이 접근함에 따라 실제 경기 순환적 상승기 동안 일어난다. 실제로, 만약 하이에크의 화폐 공급 증가율 변화의 효과에 관한 분석이 옳다면, 이러한 과정들은 그러한 팽창에서 불가피하다.

하이에크의 접근 방식을 고려함에 있어서, 완전 고용의 *방법론적* 가정과 *경험적* 가정 사이의 구분이 이루어져야 한다. 완전 고용의 방법론적 가정은 세 가지 뚜렷한 장점을 가진다. 첫째, 그것은 경제 이론의 다른 영역에서의 일반적인 접근 방식과 일치한다. 완전 고용(즉, 균형)에서 출발하는 것은 어떠한 경우에도 고려 중인 교란에 귀속될 수 있는 조정들을 불러일으키는 것을 피한다. 다음으로, 그것은 분석되어야 할 문제—실업 문제—에 주의를 집중시키며, 이론가로 하여금 설명되어야 할 것, 즉 미고용 자원의 출현을 이끌어내도록 강제한다.¹³ 마지막으로, 그것은 이론이 *일반적*이 될 가능성을 최소화한다—즉, 경제 전반에 걸쳐 미고용 자원의 존재를 전제로 하는 이론.¹⁴ 하이에크 사상의 친절한 해설자를 포함한 다수의 비판자들은 앞서 언급한 구분과 하이에크 자신의 이 주제에 관한 비판들을 주목하지 못했다.¹⁵

하이에크는 완전 고용을 가정했다는 이유로 비판을 받은 최초의 인물이 아니었다. 케인즈가 고전 경제학자들을 재건하는 이론들을 모델로 삼은 이후, 19세기의 고전 경제학자들은 분명 실업 노동자가 일반적으로 없다고 쓴 것처럼 다루어졌다. 내가 완전 고용을 부인한 주요 인물의 존재를 알지 못한다는 점에서, 많은 사람들이 현상을 설명하려고 시도했으며, 비록 그것이 그들의 주된 정책 관심사가 아니었더라도 그러하였다. 더욱이 다수가 이 현상을 설명하려고 시도했으나, 그것이 그들의 주된 정책 관심사는 아니었다.¹⁶

비록 이전 세대의 경제학자들이 임금 규제나 다른 직접적인 시장 개입에 기인하지 않는 대규모 실업에 대한 이론적 설명을 거의 갖지 못했더라도, 현대 경제 이론은 그다지 나을 것이 없다. 윌리엄 허트가 지적했듯이, 케인즈의 거시이론은 전혀 실업 이론을 만들어내지 못했으며; 기껏해야 그것은 총수요 이론을 제공할 뿐이다.¹⁷ ~에 관한 오래된 격언은 거의 적용되지 않는다"
65,source-065.png,"70 *조정 문제로서의 경제학*

유리 건물에 돌을 던지는 것이 실업의 고전적 및 소위 고전적 처방에 대한 비판자들에게 더 적합하다.

---

## 생산 과정

*가격과 생산*에서 하이에크는 소비재가 최종적으로 등장할 때까지 연속적인 *생산 단계*를 거치는 ""재화 진행 과정(goods in process)"" 모델을 발전시켰다. ""단계(stage)""는 일정한 생산 활동(예: 몰드로 부품을 찍어내는 것)으로 구성된다. 전체 *생산 과정*은 각 단계에서 처리되는 재화들로 구성된다. 임의의 단계에서 재화 수의 변화 또는 단계들 사이의 생산 요소 재배분은 생산 구조의 변화로 기술된다.¹⁸ 소비재는 단일 기간에 모든 서비스를 산출한다; 이 정의에 의해 하이에크는 내구 소비재 문제를 우회하였으며,¹⁹ 이는 자본에 관심이 충분히 기울여지지 않았다고 느낀 측면이었다.²⁰ 이것은 시간에 따른 자본재 분포이다. 하이에크의 은유적 분석에서, 중간재는 생산의 지류에서 연속적인 단계들로 흘러 들어가며, 임의의 단계에서 중간재의 가치는 시간의 함수인 *f(t)*이다. 중간재의 총가치는 따라서 채택된 생산 과정의 길이에 해당하는 기간 *r* 동안 이 함수의 적분이다. 시간 *x*에서 시작하여, 중간재의 총가치는 다음과 같다:

$$\int_{x}^{x+r} f(t) \, dt$$

하이에크에 따르면, 소비재의 산출(즉, 소비재가 등장하는 속도)은 이 시간 구간 *[x, x+r]*의 함수이다. 따라서 하이에크 모델은 순수하게 흐름의 관점에서 표현된다. 하이에크가 모델을 재고와 흐름의 관점에서 표현하려고 시도하지 않은 이유는 여러 가지이다.

첫째, 이 유형의 모델에서 내구재를 포함시키는 데 있어서 고유한 어려움이 있다: ""서로 다른 재화들이 미래에 제공할 것으로 기대되는 서비스의 상이한 할부금이... 생산의 서로 다른 '단계'에 속하는 것으로 상상되어야 한다"
66,source-066.png,"# 화폐와 물가 71

이 서비스들이 성숙하기 전에 경과할 시간 간격에 대응하는 것이다.""²¹ 하이에크는 또한 초기에 각 단계에서 중간재들이 화폐와 교환된다고 가정했다. 즉, 수직적 통합은 없다고 본 것이다. 만약 내구성 자본재가 포함된다면, 개인은 자기 자신으로부터 자본재를 임차하는 것으로 가정해야 한다.²² 마지막으로, 그리고 가장 중요하게, 하이에크는 일반 분석에서 특정 자본재의 내구성에 지나치게 많은 주의가 기울여지며, 이자율 변화가 그 가치에 미치는 영향을 설명하는 데 있어 특정 자본재의 내구성이 과도하게 강조된다고 느꼈다.

어떤 재화의 내구성 자체가 아니라, 최종 서비스가 성숙하기까지 경과할 시간이 결정적인 요인이다. 다시 말해, 개별 재화의 속성이 아니라 생산 전체의 시간 구조가 관련성 있는 것으로 간주된다.²³

『가격과 생산』의 모델은 생산의 ""시간 구조""를 강조한다. 하이에크는 생산 과정을 설명하기 위한 교수법적 장치로 ""제본스 투자 도형(Jevonian Investment Figures)""을 활용했다.

**시간**

**소비재**

그림 4.1

*(그림 설명: 세로축은 '생산 단계(중간재)', 가로축은 '소비재'를 나타내며, 삼각형 형태의 도형이 생산의 시간 구조를 시각화한다.)*"
67,source-067.png,"# 72 조정 문제로서의 경제학

그림 4.1에서 삼각형의 수평 변은 소비재의 산출량 *f(x+r)*을 나타내고, 빗변은 생산함수 *f(t)*를 나타내며, 도형 내부의 면적—즉 적분값—은 도표의 각 단계, 즉 순환 자본(가치 기준)으로 구성된다.

하이에크는 『가격과 생산』에서 총 자본 스톡을 측정하고자 했는가? 그 답은 부정적이다. 비록 그가 그러한 측정치를 제시하지는 않았지만, 그렇게 할 근거는 있다. 따라서 그는 중간재의 양과 ""... 산출량"" 사이의 ""비율""을 언급했으며, 생산 기간이 늘어날수록 생산이 더욱 ""자본주의적""이 된다고 묘사했다. ""원래 생산 수단의 적용과 소비재 완성 사이의 평균 시간 간격이 늘어남에 따라""²⁴라고 한 것이다. ""자본주의적""이라는 표현이 느슨하기는 하지만, 이는 자본-산출 비율을 시사한다. 그가 실제로 측정한 것은 어떤 투입이 성장할 가치(즉, 투자의 복리 가치)였다.

하이에크가 『가격과 생산』에서 이 문제를 다루는 방식은 부정밀하다는 점에서 주목할 만하다. 자신의 고유한 연구에서도, 그는 총계 개념을 사용할 필요가 없었다. 실제로 그는 그러한 총계적 절차를 배척했다. 『순수 자본 이론』에서 그는 원칙적으로 자본을 동질적인 것으로 취급하는 것은 불가능하다고 지적했으며, 심지어 이자율이 이미 알려진 경우에도 평균 투자 기간을 기준으로 자본 스톡을 측정하는 것은 불가능하다고 했다.²⁷

나는 하이에크가 『가격과 생산』에서 가장 ""반(反)하이에크적인"" 절차를 채택했다고 생각한다. 그는 소비재를 동질적인 것으로 취급했다. 동일한 시간 기간에 소비 가능하다면 소비재 분석에 적용할 수 있는 논리가 특정 소비자의 생산에 적용된 후 총 소비재 산출로 이월된다. 결과적으로 그는 단일 산출-재화 모델을 채택했는데, 이질적 자본재의 존재로 인해 발생하는 어려움에 대해 다른 장소에서 꽤 명시적으로 지적했음에도 불구하고, 은행 신용의 증가에 의해 소비재를 미성숙 소비재로도 취급했다."
68,source-068.png,"# 화폐와 물가 73

하이에크는 다른 맥락에서 이 견해를 거부했다. 다른 모든 맥락에서 그는 ""자본""을 기금이나 대기 금액으로 취급하려는 시도에 신랄한 비판자였다.²⁸

하이에크는 『가격과 생산』의 결함에 대해 꽤 솔직했다. 그는 런던 대학 강의를 할 때 그 기회가 찾아온 것을 운이 좋다고 생각했다. 강의 초청이 도착했을 때, 그는 『가격과 생산』의 핵심 아이디어들이 옳다고 확신했고, 그것들을 단순한 형태로 제시했다.

『가격과 생산』에서 하이에크는 균형의 필요 조건, 즉 소비자와 생산자의 계획 사이의 대응 관계에 대해 거의 즉흥적으로 다루었다. ""소비자 재화를 위해 지출된 화폐의 비율과 중간재를 위해 지출된 화폐의 비율은 소비자 재화에 대한 총수요와 중간재의 지속적 생산에 필요한 총수요 사이의 비율과 같아야 한다.""²⁹ 대학 강의가 끝나고 3년도 채 안 되어 배달된 한 강의에서, 그는 균형 조건에 대해 훨씬 더 정확했다. 자신의 이론을 ""위기의 '윅셀적' 이론""이라고 설명하면서, 그는 ""자본량이나 저축 및 투자 개념에 대한 절대적 변화 어떤 개념과도 완전히 독립적이며, 따라서 전통적 의미에서 그 개념들과 독립적""이라고 언급했다. 하이에크는 계속했다.

> 완전히 발전된 [경기 순환] 이론의 출발점은 모든 관련 날짜에 현재 소비와 미래 소비 및 생산 준비에 관한 모든 소비자의 의도—(단순히 소득이 아닌) 모든 관련 날짜에서 현재 소비와 미래를 위한 소비와 미래 소비 및 생산 준비를 위해 자원들을 배분하는 방식—와 (a) 각 관련 날짜에서 현재 소비와 미래 소비 및 생산 준비에 관한 개별 자원들의 배분 방식 및 (b) 그들이 다양한 날짜에 소비자 재화 공급을 계획하는 기업가들의 독립적인 결정이 상호 일관된 상태일 것이다. 이러한 두 집단 간의 일치는 저축이 투자와 같고 그것과 연결된 균형 이자율 개념과 동일시되는 상태인 경제를 특징짓는 것이다.³⁰

하이에크에게 경기 순환 이론의 핵심 문제는 저축자와 투자자의 계획 및 소비자와 생산자의 계획 간의 상호 일관성이었다. 경제가 어떻게 불균형 상태에 있을 수 있는지를 묻기 전에, 그는 이론적으로"
69,source-069.png,"# 74 조정 문제로서의 경제학

균형 상태에서 시스템이 ""균형"" 상태에 있을 조건들을 이론화하고자 했다.³¹

증가된 저축으로 인한 생산 구조의 변화와 은행 대출을 통한 생산자에게의 화폐 공급 증가로 인한 변화 사이에는 본질적인 차이가 있다. 투자의 동일한 증가를 파이낸싱하는 대안적 방법들은 다음과 같이 첫 번째 근사치로 설명될 수 있다.³²

*(그림 4.2: 이자율(i)과 저축(S) 및 투자(I)의 관계를 나타내는 그래프)*

- 세로축: 이자율 *i*
- 가로축: 저축, 투자 (**Saving, Investment**)
- 곡선 S: 저축 곡선 (우상향)
- 곡선 I: 투자 곡선 (우하향)
- 균형점: *n=i₀* (자연 이자율)
- 주요 점: *h₁*, *S₁*, *h₁*, *S,I*

그림 4.2

저축 성향의 변화로 투자 증가가 초래되는 경우, 저축(S)과 투자(I)는 시장 이자율 *i₀*—자연 이자율인 *n*과 같을—에서 균등화될 것이다. 증가된 투자가 저축 증가가 아닌 은행 신용에 의해 파이낸싱된다면, 기간당 신용으로 연장되는 은행의 금액(차이와"
70,source-070.png,"# 화폐와 물가 75

*I₁*과 *S₁* 사이의 대출 이자율 *i*는 자연 이자율 *n*보다 낮아질 것이다. 이 자연 이자율은 소비자 및 생산자 재화가 생산되어 시장에서 판매될 때 그러한 재화에 대한 지출 흐름이 *사전적(ex ante)* 결정과 일치하는 이자율이다. 이것은 생산자와 소비자의 *사전적* 결정이 상호 일관된 비율이다.

그러나 이 접근 방식은 시작에 불과할 수 있다. 왜냐하면 그것은 개념상 거시적이기 때문이다. 따라서 이는 하이에크 분석에 핵심적인 문제들을 무시한다. 저축-투자 분석은 별도의 투자 수요 곡선들의 집계를 포함하고 있다. 하이에크는 이 절차가 이자율 변화에 따른 별개의 투자 수요 곡선들에 대한 이전 효과를 무시한다는 점에서 의심스럽다고 간주했다(이는 불변의 총 투자 수요 함수로 이동시킬 뿐인 이자율 변화). 또한 하이에크에 따르면:

> 우리가 자본 및 투자란 무엇인지에 대한 명확하고 현실적인 의미를 부여할 수 있는지 여부에 따라 많은 것이 달라진다. ... 그러나 곧, 이 문제에 대해 진지하게 답변하려 할 때, 자본의 유지 개념이 명확한 의미를 가지지 않을 뿐만 아니라, 가장 합리적이고 지성적인 기업가조차도 동적 조건에서는 어떠한 양적 의미에서도 자신의 자본을 일정하게 유지하려 하거나 그럴 수 있다는 가정을 할 이유가 없다는 것을 발견한다. 이는 자본 자체의 어떠한 측정 가능한 속성과 관련해서도 마찬가지이다.³⁴

저축-투자 분석을 *순(net)* 조건으로 재구성하기 위해서, 자본 유지라는 개념이 명확해져야 한다. 하지만 기업가들이 반드시 자신의 자본의 *가치*를 유지하는 것은 아니다. 저축-투자 분석에 있어서의 이러한 어려움은, 나중에 언급할 더 심각한 혼란의 결과로서 덜 심각하게 인식될 것이다.

저축 성향의 증가는 하이에크에 따르면 순환적 팽창을 야기하지 않을 것이다.³⁵ 오히려, 그 현상은 신용 팽창 동안 상대 가격의 움직임을 설명하는 데 유용하다(즉, 자발적 저축이 변하지 않은 경우). 저축 증가가 투자 증가로 반드시 전달되는지 여부는 위크셀처럼, 하이에크도 금융 부문이 이 과정을 방해하지 않는다고 가정했다.³⁶"
71,source-071.png,"76 *조정 문제로서의 경제학*

저축의 증가와 함께, 소비재에 대한 ""최종 마감"" 처리를 하는 생산자들에게 가해지는 수반적인 소비 수요 감소의 영향은 명백하다—그들은 자신의 수입이 떨어지는 것을 발견한다. 그러나 현재 소비로부터의 감소된 수입과 함께, 미래 소비를 위해 이용 가능한 자금에는 증가가 존재한다. 생산의 최종 단계들(즉, 소비재 생산에 가장 근접한 단계들)에서 비용의 감소는 수입의 감소를 상쇄하지 않을 것이다. 증가된 지출은 다른 곳에서, 즉 중간 단계들에서, 요소 비용을 절감한다. 산출과 투입 사이의 가격 마진—여기서 자본 수익률이 등장한다—은 좁아진다. 생산의 최종 단계에서의 자금 운용은 다른 단계들에서의 고용보다 매력이 떨어진다. 새로운 저축이 이용 가능해지는 동시에 이전 생산 단계들로 이전되는 경향이 있을 것이다. 최종 단계 이전의 생산 단계 역시 가격 마진의 좁아짐을 경험할 것이며, 그 이전 단계도 마찬가지이다. 그러나 더 많은 자금이 이른 단계에서 이용 가능해지고, 어느 시점에서 초기 단계 생산물 가격(즉, 소비재 생산에서 시간적으로 가장 먼 단계들)의 상승 경향은 후기 단계들에서의 가격 하락 경향을 압도할 것이다. 실제로 새로운 생산 단계를 시작하는 것이 이익이 될 것이다. 상대 가격에서의 시간적 변화의 결과로서 생산 서비스의 기간간 재배분이 발생한다.³⁷

가격 마진의 좁아짐은 산업들 간의 자본 이동을 초래한다. *투자 기간*이 증가한다.³⁸ 더 긴 투자 기간은 더 오래되고 빠른 생산 방법을 고용하는 것이 수익성이 없기 때문에 발생한다. 현행 수익률 대비 낮은 수익률을 가진 투자 프로젝트들은 양(+)의 현재 가치를 얻는다. 일부 구(舊) 투자에 대해 경제적 손실이 발생한다.

하이에크는 요소 보수에 관한 한계 생산물 이론의 *할인된* 가치를 활용하였다. 저축의 증가는 이자율 하락으로 이어진다. 제1차 근사로서, 토지 가격과 노동 서비스 가격이 이자율 하락에 따라 상승한다. 이 첫 번째 근사에서 토지와 노동 모두 동질적인 것으로 취급된다.

하이에크에게 이자율 하락은 다음과 같이 해석될 수 있다."
72,source-072.png,"*화폐와 물가* 77

임금률과 지대가 그것들이 생산하는 데 도움을 주는 생산물의 가격에 비해 상승했다는 명제. 이자율이 하락하면, 생산 단계들 간의 실질 요소 비용이 증가하는 동안 후기 생산 단계들의 생산물 가격의 마진이 좁아진다. 후기 생산 단계들의 생산물 가격 하락은 이 마진 좁아짐에 부분적으로 책임이 있다.

하이에크의 명제는 하나의 특히 일반적인 오해와 구별되어야 한다. 만약 이것이 유효한 개념적 실험이라면, 이자율 하락은 다른 모든 조건이 동일한 경우 *모든* 자산의 수요-가격 일정표를 증가시킬 것이다. 그러나 *세테리스 파리부스* 조건으로 실험을 공식화함으로써 그 표현은 *무탄티스 무탄디스* 조건의 교란을 간과한다. 이자율에 영향을 미치는 바로 그 과정이 준지대(quasi-rents)의 크기에 영향을 미치는데, 이는 이질적 자본재들에 귀속되며, 가정된 교란의 특정 기대에 따라 결합된다(교란의 2차 크기의 영향으로 인해 일반적으로 하는 것처럼 무시된다). 케인즈의 *논문(Treatise)*에 대한 비판에서 하이에크는 다음과 같이 언급하였다:

자본화는 이자율의 영향에서 그리 직접적이지 않다. 그것들은 모두 하나의 공통 원인, 즉 투자를 위해 이용 가능한 수단의 희소성 혹은 풍부성의 효과라고 말하는 것이 더 적절할 것이다. 이 상대적 희소성의 변화만이, 투자를 위한 수단에 대한 수요의 변화를 통해, 그 수단에 대한 가격도 변화시킨다. 은행 금리 변화만으로도 고정 자본 서비스에 대한 수요 가격이 변화한다.⁴¹

고정 자본이 *가격과 생산(Prices and Production)* 모델에서 제외되어 있었지만, 문제의 본질은 남아있었다. 즉, 기간간 소비 수요—또는 *외견상의* 변화—와 그 결과적인 투자 패턴의 변화를 분석하는 것이다.

하이에크의 투자 다이어그램으로 표현하면, 기저의 좁아짐과 수직 변의 길어짐이 있을 것이다. 증가된 투자는 초기 단계의 자원 증가와 새로운 단계 추가의 형태로 분배될 것이다. 이 과정에 의해서만 모든 투자에 대한 수익률이 균등화된다. 투자는 자본 ""심화(deepening)""의 형태를 취해야 하며, 유휴 토지나 노동이 없는 상황에서 자본 ""확대(widening)""의 형태를 취할 수 없다."
73,source-073.png,"78 *조정 문제로서의 경제학*

랠프 호트리는 *자본 확대*와 *자본 심화*라는 용어를 도입하였다:

공동체의 자본 장비가 증가되는 과정은 두 가지 형태를 취할 수 있는데, ""확대""와 ""심화""가 그것이다. 자본의 확대는 신규 기업들의 창설 또는 기존 기업들의 확장을 통한 생산 능력 확충을 의미한다. 심화는 각 노동 단위에 고용되는 자본량의 증가를 의미한다.⁴²

호트리는 이자율 하락이 ""자본의 확대가 투자 시장의 자원을 충족시키기에 불충분하다는 신호""라고 결론지었다.⁴³

자본 심화의 과정은 특정 산업들에서의 자본 확대를 수반할 것이다. 이 사실은 하이에크의 *가격과 생산(Prices and Production)*에서의 도식적 분석에 함의되어 있다—초기 단계에는 더 많이 투자되고 후기 단계에는 덜 투자된다. 자본 심화는 후기 단계에서 자본 확대와 동시에 초기 단계들에서 더 많은 투자로 정의될 수 있다.

하이에크의 견해와 달리, 자본 심화는 총자본 척도에 대한 참조 없이 분석될 수 있다. 자본이 다양한 방식으로, 다양한 재화에 투자될 것이며(어떤 방향으로 변화가 이루어질지 개략적으로 알 수 있다)는 점만 말하면 된다. 그러나 1941년까지 그는 호트리가 한 것처럼 ""각 노동 단위에 대해 변하지 않는 수의 노동자를 더 많은(또는 더 정교한) 장비와 함께 제공하는 것""⁴⁴을 자본 심화로 언급하였다. 이 상황은 동일한 조건이 이자율 하락을 가져오는 결과로서 투자 기간의 길어짐을 야기할 때 발생한다. 그러나 이자율이 하락하면 다양한 자본재의 상대 가격이 변화하고 새로운 유형의 자본재들이 대체된다. 단위들은 공약 불가능하게 되고, 우리는 자본 스톡의 가치에 어떤 일이 일어나는지 알 수 없다.⁴⁵ 실제로, 하이에크는 투자 평균 기간이나 1인당 평균 자본 같은 총자본 스톡이나 평균 투자 기간에 대한 참조 없이도 생산 구조의 변화를 분석할 수 있다고 지적하였다.⁴⁶ 우리는 투자 패턴에서의 한계적 조정만을 언급하면 된다.

하이에크는 *순수 자본 이론(The Pure Theory of Capital)*에서 다음보다 더 신중하였다."
74,source-074.png,"*화폐와 물가* 79

*가격과 생산(Prices and Production)*에서. 그는 생산적 기법에서의 변화들이 ""다양한 단위들의 투입을 다양한 정도로, 그리고 아마도 다른 방향으로 길이가 다른 생산 기간에 변화시키는 것을 포함할 가능성이 높다""고 지적하였다.⁴⁸ ""과정의 길이""에서의 변화는 변화가 ""주로 한 방향""인 상황을 묘사하는 데 사용될 수 있다.⁴⁹ 비록 하이에크가 점점 덜 정밀하고 덜 명확해졌지만, 그의 최종 견해는 다음과 같이 요약될 수 있다: ""현재 목적을 위해 우리는 하나의 과정이 전체로서 다른 것보다 더 길거나 짧은지를 알 필요가 없다."" 또한 ""우리는 집합적 자본 스톡이나 1인당 평균 자본에 대해 아무것도 알 필요가 없다.""⁵⁰

하이에크에게 중요한 질문은 화폐 경제에서 저축 증가의 효과가 물물교환 상황에서의 효과와 동일한가 하는 것이다. 화폐 경제에서의 저축 증가의 효과 중에서, 투자의 목적을 충족시키고 투자하는 것과 동일한 효과가 있으며, 만약 저축이 현물로 이루어졌다면 생산되었을 효과와 동일하다는 것이 있다. 물론 만약 저축이 현물로 이루어졌다면, 이 과정은 화폐 교환을 촉진시키지 않는 한 같은 방식으로 발생하지 않을 것이다! ""화폐가 교환을 촉진하지 않는다고 가정하면서도 화폐의 부재가 아무런 영향도 미치지 않는다고 가정하는 것은 자기 모순이다.""⁵² 저축 증가로 인한 정당화할 수 있는 결론은 새로운 *안정적* 균형으로의 이행이다. 이것은 물물교환 상황에서 얻어질 균형일 필요는 없으며, 균형 달성이 가능하다고 가정할 때도 마찬가지이다.⁵³

---

## 신용의 효과

하이에크는 실물 변화와 화폐 변화 사이의 구별을 항상 근본적인 것으로 취급하였다. 실물 변화(예를 들어 취향의 변화, *가격과 생산*에서의 변화)는 화폐 지출의 변화로 이어지고, 이는 차례로 균형적 재배분을 가져온다. 반면에 화폐 변화(예를 들어 통화량의 변화)는 ""자기 역전적(self-reversing)""인 것으로 취급하였다."
75,source-075.png,"80 *조정 문제로서의 경제학*

이러한 변화들에 의해 생성된 일시적 균형들을 ""본질적으로 불안정한"" 것으로 취급하였다.⁵⁴ 이것이 *가격과 생산(Prices and Production)*의 핵심 논제이며, 하이에크는 저축률의 자율적 증가로 인한 화폐 스톡의 증가 효과와 대조하였다.⁵⁵

화폐 스톡 증가의 즉각적 영향은 거래자들에게 저축 함수의 이동으로 작용한다는 것이다. 그 이유는 두 가지 교란 모두 대출 시장—이자율 하락—에서 동일한 신호를 생성하기 때문이다.⁵⁶ 저축 함수의 이동의 경우, 그 결과적 균형은 물물교환 이론에서 가정된 것과 유사한 종류의 새로운 균형이 된다. 만약 저축의 변동이 격렬하고 빈번하다면, 순환적 변동은 추가적인 화폐 교란의 부재 속에서도 관찰될 수 있다. 그러나 하이에크는 ""경험은 그러한 격렬한 저축 변동이 위기의 결과가 아닌 다른 방식으로 발생한다고 가정할 근거를 제공하지 않는다""고 주장하였다.⁵⁷

*가격과 생산*을 읽은 인상은 은행 시스템에 의한 신용 창출의 부재 속에서 실물 경제는 근본적으로 안정적이라는 것이다. 저축 패턴에서의 변화로 인한 거래자들의 행동은 집합적으로 ""도착적(perverse)""이지 않다. 결정적 순간에 저축하기 위해 (사후적으로) 순진한 투자자들을 유인하고, 그 다음에 저축을 인출함으로써 상호의존적 투자 계획에 혼란을 초래하기 위해 일제히 역전되지는 않는다.

하이에크는 저축자와 투자자가 자신의 결정을 내리는 데 있어 시장 신호에 초점을 맞추었는데, 그 신호들은 비록 *독립적으로* 도달된 것이지만 상호 의존적이다. 그는 일반적 불일치가 어떻게 발생할 수 있는지를 보여주고자 하였다. 그가 표현했듯이, ""우리는 가격 시스템이 야기한 이른바 정당화된 오류들과 외부 사건들의 경과에 대한 순전한 오류들 사이를 구별해야 할 수도 있다."" 그의 가설은 다음과 같다: ""기업가들이 모두 안내 지침이나 증상을 따름으로써 동등하게 오도될 가능성이 있는 것 같다.""⁵⁹

시장 결정자들이 따르는 신호들은 상대 가격이며, 바로 이 절차가 입증된 생존 가치를 가지기 때문이다. 그러나 때로는 그 신호들이 실제로 충족될 수 없는 기대치로 유도될 수 있다."
76,source-076.png,"# 화폐와 물가 81

피할 수 없는 것이다. 즉, 상대 가격이 저축자와 투자자의 경제 활동을 교란시키는 방향으로 기능하는 경제적 불균형 시기가 존재한다. 이 관찰은 분권화된 의사결정이 본질적으로 ""비이성적""이라는 주장을 뒷받침하지도 않고, 왜 가격 시스템이 제대로 기능하지 못할 수 있는지를 설명하지도 않는다. 이러한 설명을 위해서는 자본과 화폐적 고려로 눈을 돌려야 한다. 이 문제는 하이에크 이론의 해설자에 의해 적절히 표현되었다.

가격 책정이란 … 지속적인 정보 수집 및 전파 과정이지만, 그것이 바로 가격이 시그널 기능 또는 배분 기능을 수행할 수 있는 정도, 그리고 그 성공 정도를 결정하는 제도적 틀이다.⁶⁰

*가격과 생산*의 가정은, 자본재 산업이나 생산의 초기 단계들이 현재 소비를 희생시킴으로써만 확장될 수 있다는 것이다(즉, 보다 ""자본주의적"" 방법으로 전환할 수 있다는 것이다). 그러나 화폐적 팽창의 경우,

이 희생은 자발적이지 않으며, 새로운 투자로부터 이익을 얻을 사람들이 아닌, 기업가들로부터 추가 화폐를 받은 사람들과의 경쟁이 심화됨으로써 더 많은 재화를 포기해야 하는 소비자 일반이 지불하는 것이다. 소비자들이 더 적은 재화를 얻기 때문이 아니라, 그들이 소비하기를 원했던 것을 더 적게 소비하게 되기 때문에 이 현상이 나타난다. 만약 화폐 수입이 증가한다면, 소비자들은 소비를 일상적인 비율로 확대하려고 즉각 시도할 것임을 의심할 여지가 없다.⁶¹

소비자들이 자원에 대한 지배력이 어느 시점에서 다시 증가한다고 가정해보자. 소비자의 소득이 증가하면 저축-소득 비율에 어떤 변화가 있을 것이라고 기대할 이유가 없다. 그러나 저축의 불변성이 이전의 ""덜 자본주의적인"" 생산 방법으로의 복귀를 필요로 하는 것이다. 이것이 바로 하이에크가 리카르도 효과에 관한 일련의 논문에서 가장 완전하게 설명한 수축 과정이며, 다음 장에서 우리가 살펴볼 효과이다.

투자 도식의 관점에서, 더 좁은 기반과 더 높은 고도로의 변화는 역전될 것이다. 그러나"
77,source-077.png,"# 82 조정 문제로서의 경제학

유통 중인 화폐량의 증가(경기 순환의 일부로서 화폐 공급의 내생적 수축을 가정하지 않을 경우), 각 단계에서 판매되는 재화의 달러 가치는 더 높아질 것이다. 다시 말해, 수량 이론의 표준적인 장기 비교정태 결론들은 유지된다. 실제로, 화폐가 *단기*에는 중립적이지 않다는 점을 인정하고, 화폐 교란의 지속 기간이 충분히 지속되는 상대 가격 효과가 존재한다는 점을 인정하면, 자기교정적 특성을 지닌 화폐 교란의 그럴듯함을 거의 *필연적으로* 받아들이지 않을 수 없게 된다. 즉, 화폐의 절대량이 *장기적으로*는 중요하지 않다고, 그리고 경제학자는 상대 가격들의 어떤 구상 가능한 집합에 대해서도 중립적 균형 속에 있을 수 없다는 견해를 지지하는 한.

---

## 하이에크에 관한 힉스

강제 저축은 하이에크의 과잉투자 이론에서 중요한 역할을 한다.⁶² 만약 저축, *사후적으로*, 이 완전고용 상태에서의 저축보다 크다면, 투자도 더 클 것이다. 하이에크는 강제 저축 이론을 활용하여, 일정한 조건 하에서 과잉투자적 경기변동이 발생할 것임을 보여주었다. 이 결론은 기업가들이 차입할 수 있는 이자율이 균형(자연) 이자율보다 낮다는 가정을 전제로 한다면 별로 놀라운 것이 아니다.

그러나 여러 경제학자들은 하이에크가 어떻게 이 결론에 도달했는지 이해하는 데 어려움을 겪었다. 힉스는, 강제 저축이 이루어질 경우 ""임금 뒤에 소비 지연이 있어야 한다""고 언급했다. 그러나 그는 ""분명히 이 지연은 받아들이기 어렵다""고 결론지었다.⁶³ 힉스와 하이에크는 어디서 갈라섰는가?

힉스는 화폐가 의사결정에 미치는 영향이라는 문제에 대해 계속 연구했다. 힉스는 이후 하이에크의 분석이 ""화폐적 고려와 혼재되어 있었으며, 그 흥미로운 작업 속에서 *가격과 생산*의 논거들로부터 어떤 의미도 만들어낼 수 없다""고 주장했다.⁶⁴ *가격과 생산*이 ""화폐적 고려들은 … 정말로 속하지 않는다""는 견해를 채택한다면, 어떤 의미도 만들어낼 수 없다. 실제로, 화폐적 고려들은 아마도 가장 독창적인 논점들이다."
78,source-078.png,"# 화폐와 물가 83

분석의 기여. 생산 이론의 세부 사항에는 동의하지 않으면서도 화폐 이론은 받아들일 수 있다. *가격과 생산*은 화폐적 고려 없이는 단순히 경제 변동 이론으로 ""작동""하지 않는다 — 적어도 경제 변동 이론으로서는 아니다. 이것이 바로 힉스가 실제로 ""하이에크 이야기""에서 증명한 것이며, 왜 하이에크 이야기가 다시 서술되어야 하는지이다.

은행 신용 팽창에 의해 유도된 강제 저축 이론 없이는, 소득 뒤에 소비가 지연된다는 논리가 없다. 힉스는 ""경직적 임금""(이는 *가격과 생산*에 없는 것으로 힉스 스스로 지적했다)을 시도했지만, 이것이 보다 ""케인지언적"" 이론, 또는 어쩌면 로버트슨의 이론으로 이어진다고 지적했다.

힉스는 결국 *가격과 생산*을 수정하려 했다: ""신용 팽창에서 출발한 것이 아니라 저축 성향의 진정한 증가에서 시작했다고 가정해보자.""⁶⁶ 이어지는 것은 최근 수년간의 성장 이론의 선구자로서, 단기 교란에 대한 이론을 ""고문 이론(a tortured transformation)""으로 변환한 것이다.⁶⁷ 오직 이런 방식으로만 힉스는 [*가격과 생산*]을 ""우리가 여전히 그것[*가격과 생산*]으로부터 무언가를 만들 수 있다""⁶⁸고 주장할 수 있었다. 힉스가 개략적으로 서술한 것은 성장-유발 교란의 *물물교환 이론*이다.⁶⁹

강제 저축은 은행 시스템이 기업가들에게 경제의 희소 자원 중 더 많은 부분을 충당할 수단을 제공하기 때문에 발생한다. 하이에크는 화폐 공급의 단일한 ""한 방"" 증가만을 다루지 않았다는 점을 강조해야 한다.⁷⁰ 1967년 힉스에 대한 그의 답변에서, 하이에크는 화폐의 지속적 주입이 사업 대출의 형태라는 점을 강조했다.

이 과정은 미래 가격에 관한 기대가 형성되는 방식을 무시하는 한, 적어도 우리가 정상적인 새 지출의 영향을 받는 소수의 가격과 다른 모든 가격의 확산 사이에 지연이 있는 동안 무기한으로 계속될 수 있다. 새 지출의 영향을 받는 소수의 가격과 다른 모든 가격으로의 이 효과의 확산 사이의 시차, 이 효과가 다른 모든 가격에 미치는 ""균형"" 가격 구조의 왜곡은 계속 존재해야 한다. 항상 새롭게 창출된 화폐의 형태로 이 수요에 맞추어 조정된 가격 구조의 결정적인 데이터로서 지속되는 추가 수요는, 증가한 수취액"
79,source-079.png,"# 84 조정 문제로서의 경제학

다른 가격들에 미치는 영향으로, 그리고 총 화폐 흐름의 변화 과정이 지속되는 한, 특정 가격들 간의 변화된 관계는 보존될 것이다.⁷¹

두 가지 개념이 하이에크의 이론 속에서 함께 모인다: 대출 이자율과 균형 이자율 사이의 괴리에 대한 손턴-빅셀의 분석, 그리고 강제 저축 이론. 힉스는 하이에크의 논거를 재구성하면서 화폐적 고려들로부터 추상화하려 했다. 그 결과는 다음과 같다:

시장 이자율이 자연 이자율 아래로 ""낮아지는"" 것은 불균형 현상으로 해석되어야 한다. 시장이 균형을 벗어난 동안에만 지속될 수 있는 현상; 균형이 회복되는 즉시, 즉 시장들이 균형을 벗어나 있는 동안에만 시장 이자율과 자연 이자율 사이의 균등화가 이루어지는 즉시. 따라서 이자율의 두 수준 사이에 장기적 불일치가 있을 여지는 없다; 균형이 회복되는 순간 균형은 즉각적이다. 화폐 가격은 단순히 *균등하게* 상승할 것이다; 그리고 그것이 전부이다.⁷²

힉스가 이전에 인용된 구절을 쓴 것은 바로 이 견해에 대항하기 위해서였다. 힉스의 논거는 화폐 공급의 ""한 방"" 증가라는 측면에서만 의미가 있다. 균형에서 벗어난 동안 시장 이자율과 자연 이자율 사이에 불일치가 있을 수 있다. 더욱이, 균형은 ""회복되어야"" 한다 — 왜냐하면 *그것이 바로 빅셀 체계에서 균형이 정의되는 방식*이기 때문이다! ""장기적 불일치가 있을 여지는 없다""는 것이 문제의 핵심이다.⁷³ 하이에크와 힉스가 소통하지 못하는 이유는 화폐적 고려들이 ""정말로 속하지 않는다""는 힉스의 주장에서 비롯된다. 이 고려들은 네오-빅셀리언 분석의 그 밖에 다양한 사상의 줄기들을 하나로 묶어준다. 힉스가 ""그것이 전부이다""라고 말하면서 요약한 과정은 결국 경기 순환으로 드러난다.

---

## 주석

1. 하이에크, ""리카르도 효과의 세 가지 해명,"" *Journal of Political Economy* 77 (1969년 3·4월): 282. 로버트 로빈스 경은 이 영향의 유리한 영향에 대한 간략한 설명을 그의 자서전(*Autobiography of*"
